
 /----------------------------------------------------------------------------\
 |  yosys -- Yosys Open SYnthesis Suite                                       |
 |  Copyright (C) 2012 - 2024  Claire Xenia Wolf <claire@yosyshq.com>         |
 |  Distributed under an ISC-like license, type "license" to see terms        |
 \----------------------------------------------------------------------------/
 Yosys 0.45+106 (git sha1 dcf9f5831, g++ 9.5.0-1ubuntu1~22.04 -fPIC -O3)

-- Running command `read_verilog -I src src/tt_top.v src/nanoV/alu.v src/nanoV/core.v src/nanoV/cpu.v src/nanoV/register.v src/nanoV/shift.v src/nanoV/multiply.v src/nanoV/uart/uart_tx.v src/nanoV/uart/uart_rx.v; hierarchy -check -top tt_um_WaiMingLee888_nanov; synth -top tt_um_WaiMingLee888_nanov; stat' --

1. Executing Verilog-2005 frontend: src/tt_top.v
Parsing Verilog input from `src/tt_top.v' to AST representation.
Generating RTLIL representation for module `\tt_um_WaiMingLee888_nanov'.
Successfully finished Verilog frontend.

2. Executing Verilog-2005 frontend: src/nanoV/alu.v
Parsing Verilog input from `src/nanoV/alu.v' to AST representation.
Generating RTLIL representation for module `\nanoV_alu'.
Successfully finished Verilog frontend.

3. Executing Verilog-2005 frontend: src/nanoV/core.v
Parsing Verilog input from `src/nanoV/core.v' to AST representation.
Generating RTLIL representation for module `\nanoV_core'.
Successfully finished Verilog frontend.

4. Executing Verilog-2005 frontend: src/nanoV/cpu.v
Parsing Verilog input from `src/nanoV/cpu.v' to AST representation.
Generating RTLIL representation for module `\nanoV_cpu'.
Successfully finished Verilog frontend.

5. Executing Verilog-2005 frontend: src/nanoV/register.v
Parsing Verilog input from `src/nanoV/register.v' to AST representation.
Generating RTLIL representation for module `\nanoV_registers'.
Warning: Replacing memory \registers with list of registers. See src/nanoV/register.v:125
Successfully finished Verilog frontend.

6. Executing Verilog-2005 frontend: src/nanoV/shift.v
Parsing Verilog input from `src/nanoV/shift.v' to AST representation.
Generating RTLIL representation for module `\nanoV_shift'.
Successfully finished Verilog frontend.

7. Executing Verilog-2005 frontend: src/nanoV/multiply.v
Parsing Verilog input from `src/nanoV/multiply.v' to AST representation.
Generating RTLIL representation for module `\nanoV_mul'.
Successfully finished Verilog frontend.

8. Executing Verilog-2005 frontend: src/nanoV/uart/uart_tx.v
Parsing Verilog input from `src/nanoV/uart/uart_tx.v' to AST representation.
Generating RTLIL representation for module `\uart_tx'.
Successfully finished Verilog frontend.

9. Executing Verilog-2005 frontend: src/nanoV/uart/uart_rx.v
Parsing Verilog input from `src/nanoV/uart/uart_rx.v' to AST representation.
Generating RTLIL representation for module `\uart_rx'.
Successfully finished Verilog frontend.

10. Executing HIERARCHY pass (managing design hierarchy).

10.1. Analyzing design hierarchy..
Top module:  \tt_um_WaiMingLee888_nanov
Used module:     \uart_rx
Used module:     \uart_tx
Used module:     \nanoV_cpu
Used module:         \nanoV_core
Used module:             \nanoV_mul
Used module:             \nanoV_shift
Used module:             \nanoV_alu
Used module:             \nanoV_registers
Parameter \BIT_RATE = 93750
Parameter \CLK_HZ = 12000000

10.2. Executing AST frontend in derive mode using pre-parsed AST for module `\uart_rx'.
Parameter \BIT_RATE = 93750
Parameter \CLK_HZ = 12000000
Generating RTLIL representation for module `$paramod$ce6830bd8bd018e3cc0f9c5605fbb87f31d5ce1b\uart_rx'.
Parameter \BIT_RATE = 93750
Parameter \CLK_HZ = 12000000

10.3. Executing AST frontend in derive mode using pre-parsed AST for module `\uart_tx'.
Parameter \BIT_RATE = 93750
Parameter \CLK_HZ = 12000000
Generating RTLIL representation for module `$paramod$ce6830bd8bd018e3cc0f9c5605fbb87f31d5ce1b\uart_tx'.
Parameter \NUM_REGS = 16

10.4. Executing AST frontend in derive mode using pre-parsed AST for module `\nanoV_cpu'.
Parameter \NUM_REGS = 16
Generating RTLIL representation for module `$paramod\nanoV_cpu\NUM_REGS=s32'00000000000000000000000000010000'.
Parameter \NUM_REGS = 16
Parameter \REG_ADDR_BITS = 4

10.5. Executing AST frontend in derive mode using pre-parsed AST for module `\nanoV_core'.
Parameter \NUM_REGS = 16
Parameter \REG_ADDR_BITS = 4
Generating RTLIL representation for module `$paramod$c6073fd8a5b287029e036048d234daa072bb204f\nanoV_core'.
Parameter \A_BITS = 16

10.6. Executing AST frontend in derive mode using pre-parsed AST for module `\nanoV_mul'.
Parameter \A_BITS = 16
Generating RTLIL representation for module `$paramod\nanoV_mul\A_BITS=s32'00000000000000000000000000010000'.
Parameter \NUM_REGS = 16
Parameter \REG_ADDR_BITS = 4

10.7. Executing AST frontend in derive mode using pre-parsed AST for module `\nanoV_registers'.
Parameter \NUM_REGS = 16
Parameter \REG_ADDR_BITS = 4
Generating RTLIL representation for module `$paramod$c6073fd8a5b287029e036048d234daa072bb204f\nanoV_registers'.
Warning: Replacing memory \registers with list of registers. See src/nanoV/register.v:125

10.8. Analyzing design hierarchy..
Top module:  \tt_um_WaiMingLee888_nanov
Used module:     $paramod$ce6830bd8bd018e3cc0f9c5605fbb87f31d5ce1b\uart_rx
Used module:     $paramod$ce6830bd8bd018e3cc0f9c5605fbb87f31d5ce1b\uart_tx
Used module:     $paramod\nanoV_cpu\NUM_REGS=s32'00000000000000000000000000010000
Used module:         \nanoV_core
Used module:             $paramod\nanoV_mul\A_BITS=s32'00000000000000000000000000010000
Used module:             \nanoV_shift
Used module:             \nanoV_alu
Used module:             $paramod$c6073fd8a5b287029e036048d234daa072bb204f\nanoV_registers
Parameter \NUM_REGS = 16
Parameter \REG_ADDR_BITS = 4
Found cached RTLIL representation for module `$paramod$c6073fd8a5b287029e036048d234daa072bb204f\nanoV_core'.

10.9. Analyzing design hierarchy..
Top module:  \tt_um_WaiMingLee888_nanov
Used module:     $paramod$ce6830bd8bd018e3cc0f9c5605fbb87f31d5ce1b\uart_rx
Used module:     $paramod$ce6830bd8bd018e3cc0f9c5605fbb87f31d5ce1b\uart_tx
Used module:     $paramod\nanoV_cpu\NUM_REGS=s32'00000000000000000000000000010000
Used module:         $paramod$c6073fd8a5b287029e036048d234daa072bb204f\nanoV_core
Used module:             \nanoV_mul
Used module:             \nanoV_shift
Used module:             \nanoV_alu
Used module:             \nanoV_registers
Parameter \A_BITS = 16
Found cached RTLIL representation for module `$paramod\nanoV_mul\A_BITS=s32'00000000000000000000000000010000'.
Parameter \NUM_REGS = 16
Parameter \REG_ADDR_BITS = 4
Found cached RTLIL representation for module `$paramod$c6073fd8a5b287029e036048d234daa072bb204f\nanoV_registers'.

10.10. Analyzing design hierarchy..
Top module:  \tt_um_WaiMingLee888_nanov
Used module:     $paramod$ce6830bd8bd018e3cc0f9c5605fbb87f31d5ce1b\uart_rx
Used module:     $paramod$ce6830bd8bd018e3cc0f9c5605fbb87f31d5ce1b\uart_tx
Used module:     $paramod\nanoV_cpu\NUM_REGS=s32'00000000000000000000000000010000
Used module:         $paramod$c6073fd8a5b287029e036048d234daa072bb204f\nanoV_core
Used module:             $paramod\nanoV_mul\A_BITS=s32'00000000000000000000000000010000
Used module:             \nanoV_shift
Used module:             \nanoV_alu
Used module:             $paramod$c6073fd8a5b287029e036048d234daa072bb204f\nanoV_registers

10.11. Analyzing design hierarchy..
Top module:  \tt_um_WaiMingLee888_nanov
Used module:     $paramod$ce6830bd8bd018e3cc0f9c5605fbb87f31d5ce1b\uart_rx
Used module:     $paramod$ce6830bd8bd018e3cc0f9c5605fbb87f31d5ce1b\uart_tx
Used module:     $paramod\nanoV_cpu\NUM_REGS=s32'00000000000000000000000000010000
Used module:         $paramod$c6073fd8a5b287029e036048d234daa072bb204f\nanoV_core
Used module:             $paramod\nanoV_mul\A_BITS=s32'00000000000000000000000000010000
Used module:             \nanoV_shift
Used module:             \nanoV_alu
Used module:             $paramod$c6073fd8a5b287029e036048d234daa072bb204f\nanoV_registers
Removing unused module `\uart_rx'.
Removing unused module `\uart_tx'.
Removing unused module `\nanoV_mul'.
Removing unused module `\nanoV_registers'.
Removing unused module `\nanoV_cpu'.
Removing unused module `\nanoV_core'.
Removed 6 unused modules.
Mapping positional arguments of cell $paramod$c6073fd8a5b287029e036048d234daa072bb204f\nanoV_core.multiplier ($paramod\nanoV_mul\A_BITS=s32'00000000000000000000000000010000).
Mapping positional arguments of cell $paramod$c6073fd8a5b287029e036048d234daa072bb204f\nanoV_core.shifter (nanoV_shift).
Mapping positional arguments of cell $paramod$c6073fd8a5b287029e036048d234daa072bb204f\nanoV_core.alu (nanoV_alu).
Mapping positional arguments of cell $paramod$c6073fd8a5b287029e036048d234daa072bb204f\nanoV_core.i_registers ($paramod$c6073fd8a5b287029e036048d234daa072bb204f\nanoV_registers).
Mapping positional arguments of cell $paramod\nanoV_cpu\NUM_REGS=s32'00000000000000000000000000010000.core ($paramod$c6073fd8a5b287029e036048d234daa072bb204f\nanoV_core).

11. Executing SYNTH pass.

11.1. Executing HIERARCHY pass (managing design hierarchy).

11.1.1. Analyzing design hierarchy..
Top module:  \tt_um_WaiMingLee888_nanov
Used module:     $paramod$ce6830bd8bd018e3cc0f9c5605fbb87f31d5ce1b\uart_rx
Used module:     $paramod$ce6830bd8bd018e3cc0f9c5605fbb87f31d5ce1b\uart_tx
Used module:     $paramod\nanoV_cpu\NUM_REGS=s32'00000000000000000000000000010000
Used module:         $paramod$c6073fd8a5b287029e036048d234daa072bb204f\nanoV_core
Used module:             $paramod\nanoV_mul\A_BITS=s32'00000000000000000000000000010000
Used module:             \nanoV_shift
Used module:             \nanoV_alu
Used module:             $paramod$c6073fd8a5b287029e036048d234daa072bb204f\nanoV_registers

11.1.2. Analyzing design hierarchy..
Top module:  \tt_um_WaiMingLee888_nanov
Used module:     $paramod$ce6830bd8bd018e3cc0f9c5605fbb87f31d5ce1b\uart_rx
Used module:     $paramod$ce6830bd8bd018e3cc0f9c5605fbb87f31d5ce1b\uart_tx
Used module:     $paramod\nanoV_cpu\NUM_REGS=s32'00000000000000000000000000010000
Used module:         $paramod$c6073fd8a5b287029e036048d234daa072bb204f\nanoV_core
Used module:             $paramod\nanoV_mul\A_BITS=s32'00000000000000000000000000010000
Used module:             \nanoV_shift
Used module:             \nanoV_alu
Used module:             $paramod$c6073fd8a5b287029e036048d234daa072bb204f\nanoV_registers
Removed 0 unused modules.

11.2. Executing PROC pass (convert processes to netlists).

11.2.1. Executing PROC_CLEAN pass (remove empty switches from decision trees).
Cleaned up 0 empty switches.

11.2.2. Executing PROC_RMDEAD pass (remove dead branches from decision trees).
Removed 1 dead cases from process $proc$src/nanoV/register.v:0$992 in module $paramod$c6073fd8a5b287029e036048d234daa072bb204f\nanoV_registers.
Marked 1 switch rules as full_case in process $proc$src/nanoV/register.v:0$992 in module $paramod$c6073fd8a5b287029e036048d234daa072bb204f\nanoV_registers.
Removed 1 dead cases from process $proc$src/nanoV/register.v:0$989 in module $paramod$c6073fd8a5b287029e036048d234daa072bb204f\nanoV_registers.
Marked 1 switch rules as full_case in process $proc$src/nanoV/register.v:0$989 in module $paramod$c6073fd8a5b287029e036048d234daa072bb204f\nanoV_registers.
Marked 2 switch rules as full_case in process $proc$src/nanoV/register.v:123$984 in module $paramod$c6073fd8a5b287029e036048d234daa072bb204f\nanoV_registers.
Marked 2 switch rules as full_case in process $proc$src/nanoV/register.v:123$979 in module $paramod$c6073fd8a5b287029e036048d234daa072bb204f\nanoV_registers.
Marked 2 switch rules as full_case in process $proc$src/nanoV/register.v:123$974 in module $paramod$c6073fd8a5b287029e036048d234daa072bb204f\nanoV_registers.
Marked 2 switch rules as full_case in process $proc$src/nanoV/register.v:123$969 in module $paramod$c6073fd8a5b287029e036048d234daa072bb204f\nanoV_registers.
Marked 2 switch rules as full_case in process $proc$src/nanoV/register.v:123$964 in module $paramod$c6073fd8a5b287029e036048d234daa072bb204f\nanoV_registers.
Marked 2 switch rules as full_case in process $proc$src/nanoV/register.v:123$959 in module $paramod$c6073fd8a5b287029e036048d234daa072bb204f\nanoV_registers.
Marked 2 switch rules as full_case in process $proc$src/nanoV/register.v:123$954 in module $paramod$c6073fd8a5b287029e036048d234daa072bb204f\nanoV_registers.
Marked 2 switch rules as full_case in process $proc$src/nanoV/register.v:123$949 in module $paramod$c6073fd8a5b287029e036048d234daa072bb204f\nanoV_registers.
Marked 2 switch rules as full_case in process $proc$src/nanoV/register.v:123$944 in module $paramod$c6073fd8a5b287029e036048d234daa072bb204f\nanoV_registers.
Marked 2 switch rules as full_case in process $proc$src/nanoV/register.v:123$939 in module $paramod$c6073fd8a5b287029e036048d234daa072bb204f\nanoV_registers.
Marked 2 switch rules as full_case in process $proc$src/nanoV/register.v:123$934 in module $paramod$c6073fd8a5b287029e036048d234daa072bb204f\nanoV_registers.
Marked 2 switch rules as full_case in process $proc$src/nanoV/register.v:123$929 in module $paramod$c6073fd8a5b287029e036048d234daa072bb204f\nanoV_registers.
Marked 2 switch rules as full_case in process $proc$src/nanoV/register.v:123$924 in module $paramod$c6073fd8a5b287029e036048d234daa072bb204f\nanoV_registers.
Marked 1 switch rules as full_case in process $proc$src/nanoV/core.v:112$894 in module $paramod$c6073fd8a5b287029e036048d234daa072bb204f\nanoV_core.
Marked 1 switch rules as full_case in process $proc$src/nanoV/core.v:81$844 in module $paramod$c6073fd8a5b287029e036048d234daa072bb204f\nanoV_core.
Marked 1 switch rules as full_case in process $proc$src/nanoV/cpu.v:243$762 in module $paramod\nanoV_cpu\NUM_REGS=s32'00000000000000000000000000010000.
Marked 16 switch rules as full_case in process $proc$src/nanoV/cpu.v:136$718 in module $paramod\nanoV_cpu\NUM_REGS=s32'00000000000000000000000000010000.
Marked 6 switch rules as full_case in process $proc$src/nanoV/cpu.v:55$633 in module $paramod\nanoV_cpu\NUM_REGS=s32'00000000000000000000000000010000.
Marked 1 switch rules as full_case in process $proc$src/nanoV/cpu.v:25$602 in module $paramod\nanoV_cpu\NUM_REGS=s32'00000000000000000000000000010000.
Marked 3 switch rules as full_case in process $proc$src/nanoV/uart/uart_tx.v:150$594 in module $paramod$ce6830bd8bd018e3cc0f9c5605fbb87f31d5ce1b\uart_tx.
Marked 5 switch rules as full_case in process $proc$src/nanoV/uart/uart_tx.v:139$581 in module $paramod$ce6830bd8bd018e3cc0f9c5605fbb87f31d5ce1b\uart_tx.
Marked 2 switch rules as full_case in process $proc$src/nanoV/uart/uart_tx.v:126$577 in module $paramod$ce6830bd8bd018e3cc0f9c5605fbb87f31d5ce1b\uart_tx.
Marked 2 switch rules as full_case in process $proc$src/nanoV/uart/uart_tx.v:113$569 in module $paramod$ce6830bd8bd018e3cc0f9c5605fbb87f31d5ce1b\uart_tx.
Marked 1 switch rules as full_case in process $proc$src/nanoV/uart/uart_rx.v:176$564 in module $paramod$ce6830bd8bd018e3cc0f9c5605fbb87f31d5ce1b\uart_rx.
Marked 1 switch rules as full_case in process $proc$src/nanoV/uart/uart_rx.v:166$561 in module $paramod$ce6830bd8bd018e3cc0f9c5605fbb87f31d5ce1b\uart_rx.
Marked 2 switch rules as full_case in process $proc$src/nanoV/uart/uart_rx.v:157$549 in module $paramod$ce6830bd8bd018e3cc0f9c5605fbb87f31d5ce1b\uart_rx.
Marked 2 switch rules as full_case in process $proc$src/nanoV/uart/uart_rx.v:144$542 in module $paramod$ce6830bd8bd018e3cc0f9c5605fbb87f31d5ce1b\uart_rx.
Marked 1 switch rules as full_case in process $proc$src/nanoV/uart/uart_rx.v:133$540 in module $paramod$ce6830bd8bd018e3cc0f9c5605fbb87f31d5ce1b\uart_rx.
Marked 2 switch rules as full_case in process $proc$src/nanoV/uart/uart_rx.v:121$533 in module $paramod$ce6830bd8bd018e3cc0f9c5605fbb87f31d5ce1b\uart_rx.
Marked 1 switch rules as full_case in process $proc$src/nanoV/alu.v:0$40 in module nanoV_alu.
Marked 5 switch rules as full_case in process $proc$src/tt_top.v:92$8 in module tt_um_WaiMingLee888_nanov.
Marked 1 switch rules as full_case in process $proc$src/tt_top.v:53$5 in module tt_um_WaiMingLee888_nanov.
Removed a total of 2 dead cases.

11.2.3. Executing PROC_PRUNE pass (remove redundant assignments in processes).
Removed 25 redundant assignments.
Promoted 51 assignments to connections.

11.2.4. Executing PROC_INIT pass (extract init attributes).

11.2.5. Executing PROC_ARST pass (detect async resets in processes).

11.2.6. Executing PROC_ROM pass (convert switches to ROMs).
Converted 0 switches.
<suppressed ~97 debug messages>

11.2.7. Executing PROC_MUX pass (convert decision trees to multiplexers).
Creating decoders for process `$paramod$c6073fd8a5b287029e036048d234daa072bb204f\nanoV_registers.$proc$src/nanoV/register.v:0$995'.
Creating decoders for process `$paramod$c6073fd8a5b287029e036048d234daa072bb204f\nanoV_registers.$proc$src/nanoV/register.v:0$992'.
     1/1: $1$mem2reg_rd$\reg_access$src/nanoV/register.v:143$910_DATA[31:0]$994
Creating decoders for process `$paramod$c6073fd8a5b287029e036048d234daa072bb204f\nanoV_registers.$proc$src/nanoV/register.v:0$989'.
     1/1: $1$mem2reg_rd$\reg_access$src/nanoV/register.v:142$909_DATA[31:0]$991
Creating decoders for process `$paramod$c6073fd8a5b287029e036048d234daa072bb204f\nanoV_registers.$proc$src/nanoV/register.v:123$984'.
     1/2: $0\registers[15][31:0] [1]
     2/2: $0\registers[15][31:0] [0]
Creating decoders for process `$paramod$c6073fd8a5b287029e036048d234daa072bb204f\nanoV_registers.$proc$src/nanoV/register.v:123$979'.
     1/2: $0\registers[14][31:0] [1]
     2/2: $0\registers[14][31:0] [0]
Creating decoders for process `$paramod$c6073fd8a5b287029e036048d234daa072bb204f\nanoV_registers.$proc$src/nanoV/register.v:123$974'.
     1/2: $0\registers[13][31:0] [1]
     2/2: $0\registers[13][31:0] [0]
Creating decoders for process `$paramod$c6073fd8a5b287029e036048d234daa072bb204f\nanoV_registers.$proc$src/nanoV/register.v:123$969'.
     1/2: $0\registers[12][31:0] [1]
     2/2: $0\registers[12][31:0] [0]
Creating decoders for process `$paramod$c6073fd8a5b287029e036048d234daa072bb204f\nanoV_registers.$proc$src/nanoV/register.v:123$964'.
     1/2: $0\registers[11][31:0] [1]
     2/2: $0\registers[11][31:0] [0]
Creating decoders for process `$paramod$c6073fd8a5b287029e036048d234daa072bb204f\nanoV_registers.$proc$src/nanoV/register.v:123$959'.
     1/2: $0\registers[10][31:0] [1]
     2/2: $0\registers[10][31:0] [0]
Creating decoders for process `$paramod$c6073fd8a5b287029e036048d234daa072bb204f\nanoV_registers.$proc$src/nanoV/register.v:123$954'.
     1/2: $0\registers[9][31:0] [1]
     2/2: $0\registers[9][31:0] [0]
Creating decoders for process `$paramod$c6073fd8a5b287029e036048d234daa072bb204f\nanoV_registers.$proc$src/nanoV/register.v:123$949'.
     1/2: $0\registers[8][31:0] [1]
     2/2: $0\registers[8][31:0] [0]
Creating decoders for process `$paramod$c6073fd8a5b287029e036048d234daa072bb204f\nanoV_registers.$proc$src/nanoV/register.v:123$944'.
     1/2: $0\registers[7][31:0] [1]
     2/2: $0\registers[7][31:0] [0]
Creating decoders for process `$paramod$c6073fd8a5b287029e036048d234daa072bb204f\nanoV_registers.$proc$src/nanoV/register.v:123$939'.
     1/2: $0\registers[6][31:0] [1]
     2/2: $0\registers[6][31:0] [0]
Creating decoders for process `$paramod$c6073fd8a5b287029e036048d234daa072bb204f\nanoV_registers.$proc$src/nanoV/register.v:123$934'.
     1/2: $0\registers[5][31:0] [1]
     2/2: $0\registers[5][31:0] [0]
Creating decoders for process `$paramod$c6073fd8a5b287029e036048d234daa072bb204f\nanoV_registers.$proc$src/nanoV/register.v:123$929'.
     1/2: $0\registers[2][31:0] [1]
     2/2: $0\registers[2][31:0] [0]
Creating decoders for process `$paramod$c6073fd8a5b287029e036048d234daa072bb204f\nanoV_registers.$proc$src/nanoV/register.v:123$924'.
     1/2: $0\registers[1][31:0] [1]
     2/2: $0\registers[1][31:0] [0]
Creating decoders for process `$paramod$c6073fd8a5b287029e036048d234daa072bb204f\nanoV_registers.$proc$src/nanoV/register.v:43$921'.
Creating decoders for process `$paramod\nanoV_mul\A_BITS=s32'00000000000000000000000000010000.$proc$src/nanoV/multiply.v:33$906'.
Creating decoders for process `$paramod$c6073fd8a5b287029e036048d234daa072bb204f\nanoV_core.$proc$src/nanoV/core.v:112$894'.
     1/3: $0\stored_data[31:0] [30:1]
     2/3: $0\stored_data[31:0] [0]
     3/3: $0\stored_data[31:0] [31]
Creating decoders for process `$paramod$c6073fd8a5b287029e036048d234daa072bb204f\nanoV_core.$proc$src/nanoV/core.v:88$845'.
     1/2: $0\shift_amt_reg[4:0] [4]
     2/2: $0\shift_amt_reg[4:0] [3:0]
Creating decoders for process `$paramod$c6073fd8a5b287029e036048d234daa072bb204f\nanoV_core.$proc$src/nanoV/core.v:81$844'.
     1/1: $0\is_equal_reg[0:0]
Creating decoders for process `$paramod\nanoV_cpu\NUM_REGS=s32'00000000000000000000000000010000.$proc$src/nanoV/cpu.v:243$762'.
     1/1: $0\next_instr[31:0]
Creating decoders for process `$paramod\nanoV_cpu\NUM_REGS=s32'00000000000000000000000000010000.$proc$src/nanoV/cpu.v:231$747'.
Creating decoders for process `$paramod\nanoV_cpu\NUM_REGS=s32'00000000000000000000000000010000.$proc$src/nanoV/cpu.v:136$718'.
     1/11: $0\pc[21:0]
     2/11: $0\data_xfer[0:0]
     3/11: $0\starting_data_stream[0:0]
     4/11: $0\start_data_stream[0:0]
     5/11: $0\first_instr[1:0]
     6/11: $0\read_instr[0:0]
     7/11: $0\starting_instr_stream[0:0]
     8/11: $0\start_instr_stream[0:0]
     9/11: $0\use_ext_data_in_reg[0:0]
    10/11: $0\spi_clk_enable[0:0]
    11/11: $0\spi_select[0:0]
Creating decoders for process `$paramod\nanoV_cpu\NUM_REGS=s32'00000000000000000000000000010000.$proc$src/nanoV/cpu.v:94$689'.
Creating decoders for process `$paramod\nanoV_cpu\NUM_REGS=s32'00000000000000000000000000010000.$proc$src/nanoV/cpu.v:55$633'.
     1/11: $6\cycles_for_instr$func$src/nanoV/cpu.v:64$600.$result[2:0]$661
     2/11: $5\cycles_for_instr$func$src/nanoV/cpu.v:64$600.$result[2:0]$651
     3/11: $4\cycles_for_instr$func$src/nanoV/cpu.v:64$600.$result[2:0]$645
     4/11: $3\cycles_for_instr$func$src/nanoV/cpu.v:64$600.$result[2:0]$643
     5/11: $2\cycles_for_instr$func$src/nanoV/cpu.v:64$600.$result[2:0]$640
     6/11: $2\cycles_for_instr$func$src/nanoV/cpu.v:64$600.instr[29:0]$641
     7/11: $0\cycle[2:0]
     8/11: $1\cycles_for_instr$func$src/nanoV/cpu.v:64$600.instr[29:0]$638
     9/11: $1\cycles_for_instr$func$src/nanoV/cpu.v:64$600.$result[2:0]$637
    10/11: $0\instr_cycles_reg[2:0]
    11/11: $0\instr[29:0]
Creating decoders for process `$paramod\nanoV_cpu\NUM_REGS=s32'00000000000000000000000000010000.$proc$src/nanoV/cpu.v:25$602'.
     1/1: $0\counter[4:0]
Creating decoders for process `$paramod$ce6830bd8bd018e3cc0f9c5605fbb87f31d5ce1b\uart_tx.$proc$src/nanoV/uart/uart_tx.v:150$594'.
     1/1: $0\txd_reg[0:0]
Creating decoders for process `$paramod$ce6830bd8bd018e3cc0f9c5605fbb87f31d5ce1b\uart_tx.$proc$src/nanoV/uart/uart_tx.v:139$581'.
     1/7: $5\next_fsm_state$func$src/nanoV/uart/uart_tx.v:143$566.$result[3:0]$592
     2/7: $4\next_fsm_state$func$src/nanoV/uart/uart_tx.v:143$566.$result[3:0]$590
     3/7: $3\next_fsm_state$func$src/nanoV/uart/uart_tx.v:143$566.$result[3:0]$589
     4/7: $2\next_fsm_state$func$src/nanoV/uart/uart_tx.v:143$566.$result[3:0]$588
     5/7: $0\fsm_state[3:0]
     6/7: $1\next_fsm_state$func$src/nanoV/uart/uart_tx.v:143$566.tx_en[0:0]$586
     7/7: $1\next_fsm_state$func$src/nanoV/uart/uart_tx.v:143$566.$result[3:0]$585
Creating decoders for process `$paramod$ce6830bd8bd018e3cc0f9c5605fbb87f31d5ce1b\uart_tx.$proc$src/nanoV/uart/uart_tx.v:126$577'.
     1/1: $0\cycle_counter[7:0]
Creating decoders for process `$paramod$ce6830bd8bd018e3cc0f9c5605fbb87f31d5ce1b\uart_tx.$proc$src/nanoV/uart/uart_tx.v:113$569'.
     1/1: $0\data_to_send[7:0]
Creating decoders for process `$paramod$ce6830bd8bd018e3cc0f9c5605fbb87f31d5ce1b\uart_rx.$proc$src/nanoV/uart/uart_rx.v:176$564'.
     1/1: $0\rxd_reg[1:0]
Creating decoders for process `$paramod$ce6830bd8bd018e3cc0f9c5605fbb87f31d5ce1b\uart_rx.$proc$src/nanoV/uart/uart_rx.v:166$561'.
     1/1: $0\uart_rts[0:0]
Creating decoders for process `$paramod$ce6830bd8bd018e3cc0f9c5605fbb87f31d5ce1b\uart_rx.$proc$src/nanoV/uart/uart_rx.v:157$549'.
     1/3: $2\next_fsm_state$func$src/nanoV/uart/uart_rx.v:161$529.$result[3:0]$553
     2/3: $0\fsm_state[3:0]
     3/3: $1\next_fsm_state$func$src/nanoV/uart/uart_rx.v:161$529.$result[3:0]$552
Creating decoders for process `$paramod$ce6830bd8bd018e3cc0f9c5605fbb87f31d5ce1b\uart_rx.$proc$src/nanoV/uart/uart_rx.v:144$542'.
     1/1: $0\cycle_counter[7:0]
Creating decoders for process `$paramod$ce6830bd8bd018e3cc0f9c5605fbb87f31d5ce1b\uart_rx.$proc$src/nanoV/uart/uart_rx.v:133$540'.
     1/1: $0\bit_sample[0:0]
Creating decoders for process `$paramod$ce6830bd8bd018e3cc0f9c5605fbb87f31d5ce1b\uart_rx.$proc$src/nanoV/uart/uart_rx.v:121$533'.
     1/1: $0\recieved_data[7:0]
Creating decoders for process `\nanoV_alu.$proc$src/nanoV/alu.v:0$40'.
     1/1: $1\operate$func$src/nanoV/alu.v:44$32.$result[0:0]$47
Creating decoders for process `\tt_um_WaiMingLee888_nanov.$proc$src/tt_top.v:92$8'.
     1/2: $0\connect_peripheral[2:0]
     2/2: $0\output_data[7:0]
Creating decoders for process `\tt_um_WaiMingLee888_nanov.$proc$src/tt_top.v:59$7'.
Creating decoders for process `\tt_um_WaiMingLee888_nanov.$proc$src/tt_top.v:53$5'.
     1/1: $0\spi_select[0:0]
Creating decoders for process `\tt_um_WaiMingLee888_nanov.$proc$src/tt_top.v:49$4'.

11.2.8. Executing PROC_DLATCH pass (convert process syncs to latches).
No latch inferred for signal `$paramod$c6073fd8a5b287029e036048d234daa072bb204f\nanoV_registers.\reg_access[0]' from process `$paramod$c6073fd8a5b287029e036048d234daa072bb204f\nanoV_registers.$proc$src/nanoV/register.v:0$995'.
No latch inferred for signal `$paramod$c6073fd8a5b287029e036048d234daa072bb204f\nanoV_registers.\reg_access[1]' from process `$paramod$c6073fd8a5b287029e036048d234daa072bb204f\nanoV_registers.$proc$src/nanoV/register.v:0$995'.
No latch inferred for signal `$paramod$c6073fd8a5b287029e036048d234daa072bb204f\nanoV_registers.\reg_access[2]' from process `$paramod$c6073fd8a5b287029e036048d234daa072bb204f\nanoV_registers.$proc$src/nanoV/register.v:0$995'.
No latch inferred for signal `$paramod$c6073fd8a5b287029e036048d234daa072bb204f\nanoV_registers.\reg_access[3]' from process `$paramod$c6073fd8a5b287029e036048d234daa072bb204f\nanoV_registers.$proc$src/nanoV/register.v:0$995'.
No latch inferred for signal `$paramod$c6073fd8a5b287029e036048d234daa072bb204f\nanoV_registers.\reg_access[4]' from process `$paramod$c6073fd8a5b287029e036048d234daa072bb204f\nanoV_registers.$proc$src/nanoV/register.v:0$995'.
No latch inferred for signal `$paramod$c6073fd8a5b287029e036048d234daa072bb204f\nanoV_registers.\reg_access[5]' from process `$paramod$c6073fd8a5b287029e036048d234daa072bb204f\nanoV_registers.$proc$src/nanoV/register.v:0$995'.
No latch inferred for signal `$paramod$c6073fd8a5b287029e036048d234daa072bb204f\nanoV_registers.\reg_access[6]' from process `$paramod$c6073fd8a5b287029e036048d234daa072bb204f\nanoV_registers.$proc$src/nanoV/register.v:0$995'.
No latch inferred for signal `$paramod$c6073fd8a5b287029e036048d234daa072bb204f\nanoV_registers.\reg_access[7]' from process `$paramod$c6073fd8a5b287029e036048d234daa072bb204f\nanoV_registers.$proc$src/nanoV/register.v:0$995'.
No latch inferred for signal `$paramod$c6073fd8a5b287029e036048d234daa072bb204f\nanoV_registers.\reg_access[8]' from process `$paramod$c6073fd8a5b287029e036048d234daa072bb204f\nanoV_registers.$proc$src/nanoV/register.v:0$995'.
No latch inferred for signal `$paramod$c6073fd8a5b287029e036048d234daa072bb204f\nanoV_registers.\reg_access[9]' from process `$paramod$c6073fd8a5b287029e036048d234daa072bb204f\nanoV_registers.$proc$src/nanoV/register.v:0$995'.
No latch inferred for signal `$paramod$c6073fd8a5b287029e036048d234daa072bb204f\nanoV_registers.\reg_access[10]' from process `$paramod$c6073fd8a5b287029e036048d234daa072bb204f\nanoV_registers.$proc$src/nanoV/register.v:0$995'.
No latch inferred for signal `$paramod$c6073fd8a5b287029e036048d234daa072bb204f\nanoV_registers.\reg_access[11]' from process `$paramod$c6073fd8a5b287029e036048d234daa072bb204f\nanoV_registers.$proc$src/nanoV/register.v:0$995'.
No latch inferred for signal `$paramod$c6073fd8a5b287029e036048d234daa072bb204f\nanoV_registers.\reg_access[12]' from process `$paramod$c6073fd8a5b287029e036048d234daa072bb204f\nanoV_registers.$proc$src/nanoV/register.v:0$995'.
No latch inferred for signal `$paramod$c6073fd8a5b287029e036048d234daa072bb204f\nanoV_registers.\reg_access[13]' from process `$paramod$c6073fd8a5b287029e036048d234daa072bb204f\nanoV_registers.$proc$src/nanoV/register.v:0$995'.
No latch inferred for signal `$paramod$c6073fd8a5b287029e036048d234daa072bb204f\nanoV_registers.\reg_access[14]' from process `$paramod$c6073fd8a5b287029e036048d234daa072bb204f\nanoV_registers.$proc$src/nanoV/register.v:0$995'.
No latch inferred for signal `$paramod$c6073fd8a5b287029e036048d234daa072bb204f\nanoV_registers.\reg_access[15]' from process `$paramod$c6073fd8a5b287029e036048d234daa072bb204f\nanoV_registers.$proc$src/nanoV/register.v:0$995'.
No latch inferred for signal `$paramod$c6073fd8a5b287029e036048d234daa072bb204f\nanoV_registers.$mem2reg_rd$\reg_access$src/nanoV/register.v:143$910_DATA' from process `$paramod$c6073fd8a5b287029e036048d234daa072bb204f\nanoV_registers.$proc$src/nanoV/register.v:0$992'.
No latch inferred for signal `$paramod$c6073fd8a5b287029e036048d234daa072bb204f\nanoV_registers.$mem2reg_rd$\reg_access$src/nanoV/register.v:142$909_DATA' from process `$paramod$c6073fd8a5b287029e036048d234daa072bb204f\nanoV_registers.$proc$src/nanoV/register.v:0$989'.
No latch inferred for signal `\nanoV_alu.\operate$func$src/nanoV/alu.v:44$31.$result' from process `\nanoV_alu.$proc$src/nanoV/alu.v:0$40'.
No latch inferred for signal `\nanoV_alu.\operate$func$src/nanoV/alu.v:44$32.$result' from process `\nanoV_alu.$proc$src/nanoV/alu.v:0$40'.
No latch inferred for signal `\nanoV_alu.\operate$func$src/nanoV/alu.v:44$32.op_op' from process `\nanoV_alu.$proc$src/nanoV/alu.v:0$40'.
No latch inferred for signal `\nanoV_alu.\operate$func$src/nanoV/alu.v:44$32.op_a' from process `\nanoV_alu.$proc$src/nanoV/alu.v:0$40'.
No latch inferred for signal `\nanoV_alu.\operate$func$src/nanoV/alu.v:44$32.op_b' from process `\nanoV_alu.$proc$src/nanoV/alu.v:0$40'.
No latch inferred for signal `\nanoV_alu.\operate$func$src/nanoV/alu.v:44$32.op_s' from process `\nanoV_alu.$proc$src/nanoV/alu.v:0$40'.

11.2.9. Executing PROC_DFF pass (convert process syncs to FFs).
Creating register for signal `$paramod$c6073fd8a5b287029e036048d234daa072bb204f\nanoV_registers.\registers[15]' using process `$paramod$c6073fd8a5b287029e036048d234daa072bb204f\nanoV_registers.$proc$src/nanoV/register.v:123$984'.
  created $dff cell `$procdff$1666' with positive edge clock.
Creating register for signal `$paramod$c6073fd8a5b287029e036048d234daa072bb204f\nanoV_registers.\registers[14]' using process `$paramod$c6073fd8a5b287029e036048d234daa072bb204f\nanoV_registers.$proc$src/nanoV/register.v:123$979'.
  created $dff cell `$procdff$1667' with positive edge clock.
Creating register for signal `$paramod$c6073fd8a5b287029e036048d234daa072bb204f\nanoV_registers.\registers[13]' using process `$paramod$c6073fd8a5b287029e036048d234daa072bb204f\nanoV_registers.$proc$src/nanoV/register.v:123$974'.
  created $dff cell `$procdff$1668' with positive edge clock.
Creating register for signal `$paramod$c6073fd8a5b287029e036048d234daa072bb204f\nanoV_registers.\registers[12]' using process `$paramod$c6073fd8a5b287029e036048d234daa072bb204f\nanoV_registers.$proc$src/nanoV/register.v:123$969'.
  created $dff cell `$procdff$1669' with positive edge clock.
Creating register for signal `$paramod$c6073fd8a5b287029e036048d234daa072bb204f\nanoV_registers.\registers[11]' using process `$paramod$c6073fd8a5b287029e036048d234daa072bb204f\nanoV_registers.$proc$src/nanoV/register.v:123$964'.
  created $dff cell `$procdff$1670' with positive edge clock.
Creating register for signal `$paramod$c6073fd8a5b287029e036048d234daa072bb204f\nanoV_registers.\registers[10]' using process `$paramod$c6073fd8a5b287029e036048d234daa072bb204f\nanoV_registers.$proc$src/nanoV/register.v:123$959'.
  created $dff cell `$procdff$1671' with positive edge clock.
Creating register for signal `$paramod$c6073fd8a5b287029e036048d234daa072bb204f\nanoV_registers.\registers[9]' using process `$paramod$c6073fd8a5b287029e036048d234daa072bb204f\nanoV_registers.$proc$src/nanoV/register.v:123$954'.
  created $dff cell `$procdff$1672' with positive edge clock.
Creating register for signal `$paramod$c6073fd8a5b287029e036048d234daa072bb204f\nanoV_registers.\registers[8]' using process `$paramod$c6073fd8a5b287029e036048d234daa072bb204f\nanoV_registers.$proc$src/nanoV/register.v:123$949'.
  created $dff cell `$procdff$1673' with positive edge clock.
Creating register for signal `$paramod$c6073fd8a5b287029e036048d234daa072bb204f\nanoV_registers.\registers[7]' using process `$paramod$c6073fd8a5b287029e036048d234daa072bb204f\nanoV_registers.$proc$src/nanoV/register.v:123$944'.
  created $dff cell `$procdff$1674' with positive edge clock.
Creating register for signal `$paramod$c6073fd8a5b287029e036048d234daa072bb204f\nanoV_registers.\registers[6]' using process `$paramod$c6073fd8a5b287029e036048d234daa072bb204f\nanoV_registers.$proc$src/nanoV/register.v:123$939'.
  created $dff cell `$procdff$1675' with positive edge clock.
Creating register for signal `$paramod$c6073fd8a5b287029e036048d234daa072bb204f\nanoV_registers.\registers[5]' using process `$paramod$c6073fd8a5b287029e036048d234daa072bb204f\nanoV_registers.$proc$src/nanoV/register.v:123$934'.
  created $dff cell `$procdff$1676' with positive edge clock.
Creating register for signal `$paramod$c6073fd8a5b287029e036048d234daa072bb204f\nanoV_registers.\registers[2]' using process `$paramod$c6073fd8a5b287029e036048d234daa072bb204f\nanoV_registers.$proc$src/nanoV/register.v:123$929'.
  created $dff cell `$procdff$1677' with positive edge clock.
Creating register for signal `$paramod$c6073fd8a5b287029e036048d234daa072bb204f\nanoV_registers.\registers[1]' using process `$paramod$c6073fd8a5b287029e036048d234daa072bb204f\nanoV_registers.$proc$src/nanoV/register.v:123$924'.
  created $dff cell `$procdff$1678' with positive edge clock.
Creating register for signal `$paramod$c6073fd8a5b287029e036048d234daa072bb204f\nanoV_registers.\last_data_rd_next' using process `$paramod$c6073fd8a5b287029e036048d234daa072bb204f\nanoV_registers.$proc$src/nanoV/register.v:43$921'.
  created $dff cell `$procdff$1679' with positive edge clock.
Creating register for signal `$paramod$c6073fd8a5b287029e036048d234daa072bb204f\nanoV_registers.\read_through_rs1' using process `$paramod$c6073fd8a5b287029e036048d234daa072bb204f\nanoV_registers.$proc$src/nanoV/register.v:43$921'.
  created $dff cell `$procdff$1680' with positive edge clock.
Creating register for signal `$paramod$c6073fd8a5b287029e036048d234daa072bb204f\nanoV_registers.\read_through_rs2' using process `$paramod$c6073fd8a5b287029e036048d234daa072bb204f\nanoV_registers.$proc$src/nanoV/register.v:43$921'.
  created $dff cell `$procdff$1681' with positive edge clock.
Creating register for signal `$paramod\nanoV_mul\A_BITS=s32'00000000000000000000000000010000.\accum' using process `$paramod\nanoV_mul\A_BITS=s32'00000000000000000000000000010000.$proc$src/nanoV/multiply.v:33$906'.
  created $dff cell `$procdff$1682' with positive edge clock.
Creating register for signal `$paramod$c6073fd8a5b287029e036048d234daa072bb204f\nanoV_core.\stored_data' using process `$paramod$c6073fd8a5b287029e036048d234daa072bb204f\nanoV_core.$proc$src/nanoV/core.v:112$894'.
  created $dff cell `$procdff$1683' with positive edge clock.
Creating register for signal `$paramod$c6073fd8a5b287029e036048d234daa072bb204f\nanoV_core.\shift_amt_reg' using process `$paramod$c6073fd8a5b287029e036048d234daa072bb204f\nanoV_core.$proc$src/nanoV/core.v:88$845'.
  created $dff cell `$procdff$1684' with positive edge clock.
Creating register for signal `$paramod$c6073fd8a5b287029e036048d234daa072bb204f\nanoV_core.\cy' using process `$paramod$c6073fd8a5b287029e036048d234daa072bb204f\nanoV_core.$proc$src/nanoV/core.v:81$844'.
  created $dff cell `$procdff$1685' with positive edge clock.
Creating register for signal `$paramod$c6073fd8a5b287029e036048d234daa072bb204f\nanoV_core.\is_equal_reg' using process `$paramod$c6073fd8a5b287029e036048d234daa072bb204f\nanoV_core.$proc$src/nanoV/core.v:81$844'.
  created $dff cell `$procdff$1686' with positive edge clock.
Creating register for signal `$paramod\nanoV_cpu\NUM_REGS=s32'00000000000000000000000000010000.\next_instr' using process `$paramod\nanoV_cpu\NUM_REGS=s32'00000000000000000000000000010000.$proc$src/nanoV/cpu.v:243$762'.
  created $dff cell `$procdff$1687' with positive edge clock.
Creating register for signal `$paramod\nanoV_cpu\NUM_REGS=s32'00000000000000000000000000010000.\last_data_xfer' using process `$paramod\nanoV_cpu\NUM_REGS=s32'00000000000000000000000000010000.$proc$src/nanoV/cpu.v:231$747'.
  created $dff cell `$procdff$1688' with positive edge clock.
Creating register for signal `$paramod\nanoV_cpu\NUM_REGS=s32'00000000000000000000000000010000.\spi_select' using process `$paramod\nanoV_cpu\NUM_REGS=s32'00000000000000000000000000010000.$proc$src/nanoV/cpu.v:136$718'.
  created $dff cell `$procdff$1689' with positive edge clock.
Creating register for signal `$paramod\nanoV_cpu\NUM_REGS=s32'00000000000000000000000000010000.\spi_clk_enable' using process `$paramod\nanoV_cpu\NUM_REGS=s32'00000000000000000000000000010000.$proc$src/nanoV/cpu.v:136$718'.
  created $dff cell `$procdff$1690' with positive edge clock.
Creating register for signal `$paramod\nanoV_cpu\NUM_REGS=s32'00000000000000000000000000010000.\pc' using process `$paramod\nanoV_cpu\NUM_REGS=s32'00000000000000000000000000010000.$proc$src/nanoV/cpu.v:136$718'.
  created $dff cell `$procdff$1691' with positive edge clock.
Creating register for signal `$paramod\nanoV_cpu\NUM_REGS=s32'00000000000000000000000000010000.\use_ext_data_in_reg' using process `$paramod\nanoV_cpu\NUM_REGS=s32'00000000000000000000000000010000.$proc$src/nanoV/cpu.v:136$718'.
  created $dff cell `$procdff$1692' with positive edge clock.
Creating register for signal `$paramod\nanoV_cpu\NUM_REGS=s32'00000000000000000000000000010000.\start_instr_stream' using process `$paramod\nanoV_cpu\NUM_REGS=s32'00000000000000000000000000010000.$proc$src/nanoV/cpu.v:136$718'.
  created $dff cell `$procdff$1693' with positive edge clock.
Creating register for signal `$paramod\nanoV_cpu\NUM_REGS=s32'00000000000000000000000000010000.\starting_instr_stream' using process `$paramod\nanoV_cpu\NUM_REGS=s32'00000000000000000000000000010000.$proc$src/nanoV/cpu.v:136$718'.
  created $dff cell `$procdff$1694' with positive edge clock.
Creating register for signal `$paramod\nanoV_cpu\NUM_REGS=s32'00000000000000000000000000010000.\read_instr' using process `$paramod\nanoV_cpu\NUM_REGS=s32'00000000000000000000000000010000.$proc$src/nanoV/cpu.v:136$718'.
  created $dff cell `$procdff$1695' with positive edge clock.
Creating register for signal `$paramod\nanoV_cpu\NUM_REGS=s32'00000000000000000000000000010000.\first_instr' using process `$paramod\nanoV_cpu\NUM_REGS=s32'00000000000000000000000000010000.$proc$src/nanoV/cpu.v:136$718'.
  created $dff cell `$procdff$1696' with positive edge clock.
Creating register for signal `$paramod\nanoV_cpu\NUM_REGS=s32'00000000000000000000000000010000.\start_data_stream' using process `$paramod\nanoV_cpu\NUM_REGS=s32'00000000000000000000000000010000.$proc$src/nanoV/cpu.v:136$718'.
  created $dff cell `$procdff$1697' with positive edge clock.
Creating register for signal `$paramod\nanoV_cpu\NUM_REGS=s32'00000000000000000000000000010000.\starting_data_stream' using process `$paramod\nanoV_cpu\NUM_REGS=s32'00000000000000000000000000010000.$proc$src/nanoV/cpu.v:136$718'.
  created $dff cell `$procdff$1698' with positive edge clock.
Creating register for signal `$paramod\nanoV_cpu\NUM_REGS=s32'00000000000000000000000000010000.\data_xfer' using process `$paramod\nanoV_cpu\NUM_REGS=s32'00000000000000000000000000010000.$proc$src/nanoV/cpu.v:136$718'.
  created $dff cell `$procdff$1699' with positive edge clock.
Creating register for signal `$paramod\nanoV_cpu\NUM_REGS=s32'00000000000000000000000000010000.\last_data_in' using process `$paramod\nanoV_cpu\NUM_REGS=s32'00000000000000000000000000010000.$proc$src/nanoV/cpu.v:94$689'.
  created $dff cell `$procdff$1700' with positive edge clock.
Creating register for signal `$paramod\nanoV_cpu\NUM_REGS=s32'00000000000000000000000000010000.\instr' using process `$paramod\nanoV_cpu\NUM_REGS=s32'00000000000000000000000000010000.$proc$src/nanoV/cpu.v:55$633'.
  created $dff cell `$procdff$1701' with positive edge clock.
Creating register for signal `$paramod\nanoV_cpu\NUM_REGS=s32'00000000000000000000000000010000.\cycle' using process `$paramod\nanoV_cpu\NUM_REGS=s32'00000000000000000000000000010000.$proc$src/nanoV/cpu.v:55$633'.
  created $dff cell `$procdff$1702' with positive edge clock.
Creating register for signal `$paramod\nanoV_cpu\NUM_REGS=s32'00000000000000000000000000010000.\instr_cycles_reg' using process `$paramod\nanoV_cpu\NUM_REGS=s32'00000000000000000000000000010000.$proc$src/nanoV/cpu.v:55$633'.
  created $dff cell `$procdff$1703' with positive edge clock.
Creating register for signal `$paramod\nanoV_cpu\NUM_REGS=s32'00000000000000000000000000010000.\cycles_for_instr$func$src/nanoV/cpu.v:64$600.$result' using process `$paramod\nanoV_cpu\NUM_REGS=s32'00000000000000000000000000010000.$proc$src/nanoV/cpu.v:55$633'.
  created $dff cell `$procdff$1704' with positive edge clock.
Creating register for signal `$paramod\nanoV_cpu\NUM_REGS=s32'00000000000000000000000000010000.\cycles_for_instr$func$src/nanoV/cpu.v:64$600.instr' using process `$paramod\nanoV_cpu\NUM_REGS=s32'00000000000000000000000000010000.$proc$src/nanoV/cpu.v:55$633'.
  created $dff cell `$procdff$1705' with positive edge clock.
Creating register for signal `$paramod\nanoV_cpu\NUM_REGS=s32'00000000000000000000000000010000.\counter' using process `$paramod\nanoV_cpu\NUM_REGS=s32'00000000000000000000000000010000.$proc$src/nanoV/cpu.v:25$602'.
  created $dff cell `$procdff$1706' with positive edge clock.
Creating register for signal `$paramod$ce6830bd8bd018e3cc0f9c5605fbb87f31d5ce1b\uart_tx.\txd_reg' using process `$paramod$ce6830bd8bd018e3cc0f9c5605fbb87f31d5ce1b\uart_tx.$proc$src/nanoV/uart/uart_tx.v:150$594'.
  created $dff cell `$procdff$1707' with positive edge clock.
Creating register for signal `$paramod$ce6830bd8bd018e3cc0f9c5605fbb87f31d5ce1b\uart_tx.\fsm_state' using process `$paramod$ce6830bd8bd018e3cc0f9c5605fbb87f31d5ce1b\uart_tx.$proc$src/nanoV/uart/uart_tx.v:139$581'.
  created $dff cell `$procdff$1708' with positive edge clock.
Creating register for signal `$paramod$ce6830bd8bd018e3cc0f9c5605fbb87f31d5ce1b\uart_tx.\next_fsm_state$func$src/nanoV/uart/uart_tx.v:143$566.$result' using process `$paramod$ce6830bd8bd018e3cc0f9c5605fbb87f31d5ce1b\uart_tx.$proc$src/nanoV/uart/uart_tx.v:139$581'.
  created $dff cell `$procdff$1709' with positive edge clock.
Creating register for signal `$paramod$ce6830bd8bd018e3cc0f9c5605fbb87f31d5ce1b\uart_tx.\next_fsm_state$func$src/nanoV/uart/uart_tx.v:143$566.tx_en' using process `$paramod$ce6830bd8bd018e3cc0f9c5605fbb87f31d5ce1b\uart_tx.$proc$src/nanoV/uart/uart_tx.v:139$581'.
  created $dff cell `$procdff$1710' with positive edge clock.
Creating register for signal `$paramod$ce6830bd8bd018e3cc0f9c5605fbb87f31d5ce1b\uart_tx.\cycle_counter' using process `$paramod$ce6830bd8bd018e3cc0f9c5605fbb87f31d5ce1b\uart_tx.$proc$src/nanoV/uart/uart_tx.v:126$577'.
  created $dff cell `$procdff$1711' with positive edge clock.
Creating register for signal `$paramod$ce6830bd8bd018e3cc0f9c5605fbb87f31d5ce1b\uart_tx.\data_to_send' using process `$paramod$ce6830bd8bd018e3cc0f9c5605fbb87f31d5ce1b\uart_tx.$proc$src/nanoV/uart/uart_tx.v:113$569'.
  created $dff cell `$procdff$1712' with positive edge clock.
Creating register for signal `$paramod$ce6830bd8bd018e3cc0f9c5605fbb87f31d5ce1b\uart_rx.\rxd_reg' using process `$paramod$ce6830bd8bd018e3cc0f9c5605fbb87f31d5ce1b\uart_rx.$proc$src/nanoV/uart/uart_rx.v:176$564'.
  created $dff cell `$procdff$1713' with positive edge clock.
Creating register for signal `$paramod$ce6830bd8bd018e3cc0f9c5605fbb87f31d5ce1b\uart_rx.\uart_rts' using process `$paramod$ce6830bd8bd018e3cc0f9c5605fbb87f31d5ce1b\uart_rx.$proc$src/nanoV/uart/uart_rx.v:166$561'.
  created $dff cell `$procdff$1714' with positive edge clock.
Creating register for signal `$paramod$ce6830bd8bd018e3cc0f9c5605fbb87f31d5ce1b\uart_rx.\fsm_state' using process `$paramod$ce6830bd8bd018e3cc0f9c5605fbb87f31d5ce1b\uart_rx.$proc$src/nanoV/uart/uart_rx.v:157$549'.
  created $dff cell `$procdff$1715' with positive edge clock.
Creating register for signal `$paramod$ce6830bd8bd018e3cc0f9c5605fbb87f31d5ce1b\uart_rx.\next_fsm_state$func$src/nanoV/uart/uart_rx.v:161$529.$result' using process `$paramod$ce6830bd8bd018e3cc0f9c5605fbb87f31d5ce1b\uart_rx.$proc$src/nanoV/uart/uart_rx.v:157$549'.
  created $dff cell `$procdff$1716' with positive edge clock.
Creating register for signal `$paramod$ce6830bd8bd018e3cc0f9c5605fbb87f31d5ce1b\uart_rx.\cycle_counter' using process `$paramod$ce6830bd8bd018e3cc0f9c5605fbb87f31d5ce1b\uart_rx.$proc$src/nanoV/uart/uart_rx.v:144$542'.
  created $dff cell `$procdff$1717' with positive edge clock.
Creating register for signal `$paramod$ce6830bd8bd018e3cc0f9c5605fbb87f31d5ce1b\uart_rx.\bit_sample' using process `$paramod$ce6830bd8bd018e3cc0f9c5605fbb87f31d5ce1b\uart_rx.$proc$src/nanoV/uart/uart_rx.v:133$540'.
  created $dff cell `$procdff$1718' with positive edge clock.
Creating register for signal `$paramod$ce6830bd8bd018e3cc0f9c5605fbb87f31d5ce1b\uart_rx.\recieved_data' using process `$paramod$ce6830bd8bd018e3cc0f9c5605fbb87f31d5ce1b\uart_rx.$proc$src/nanoV/uart/uart_rx.v:121$533'.
  created $dff cell `$procdff$1719' with positive edge clock.
Creating register for signal `\tt_um_WaiMingLee888_nanov.\output_data' using process `\tt_um_WaiMingLee888_nanov.$proc$src/tt_top.v:92$8'.
  created $dff cell `$procdff$1720' with positive edge clock.
Creating register for signal `\tt_um_WaiMingLee888_nanov.\connect_peripheral' using process `\tt_um_WaiMingLee888_nanov.$proc$src/tt_top.v:92$8'.
  created $dff cell `$procdff$1721' with positive edge clock.
Creating register for signal `\tt_um_WaiMingLee888_nanov.\spi_mosi' using process `\tt_um_WaiMingLee888_nanov.$proc$src/tt_top.v:59$7'.
  created $dff cell `$procdff$1722' with positive edge clock.
Creating register for signal `\tt_um_WaiMingLee888_nanov.\spi_select' using process `\tt_um_WaiMingLee888_nanov.$proc$src/tt_top.v:53$5'.
  created $dff cell `$procdff$1723' with positive edge clock.
Creating register for signal `\tt_um_WaiMingLee888_nanov.\buffered_spi_in' using process `\tt_um_WaiMingLee888_nanov.$proc$src/tt_top.v:49$4'.
  created $dff cell `$procdff$1724' with negative edge clock.

11.2.10. Executing PROC_MEMWR pass (convert process memory writes to cells).

11.2.11. Executing PROC_CLEAN pass (remove empty switches from decision trees).
Removing empty process `$paramod$c6073fd8a5b287029e036048d234daa072bb204f\nanoV_registers.$proc$src/nanoV/register.v:0$995'.
Found and cleaned up 1 empty switch in `$paramod$c6073fd8a5b287029e036048d234daa072bb204f\nanoV_registers.$proc$src/nanoV/register.v:0$992'.
Removing empty process `$paramod$c6073fd8a5b287029e036048d234daa072bb204f\nanoV_registers.$proc$src/nanoV/register.v:0$992'.
Found and cleaned up 1 empty switch in `$paramod$c6073fd8a5b287029e036048d234daa072bb204f\nanoV_registers.$proc$src/nanoV/register.v:0$989'.
Removing empty process `$paramod$c6073fd8a5b287029e036048d234daa072bb204f\nanoV_registers.$proc$src/nanoV/register.v:0$989'.
Found and cleaned up 2 empty switches in `$paramod$c6073fd8a5b287029e036048d234daa072bb204f\nanoV_registers.$proc$src/nanoV/register.v:123$984'.
Removing empty process `$paramod$c6073fd8a5b287029e036048d234daa072bb204f\nanoV_registers.$proc$src/nanoV/register.v:123$984'.
Found and cleaned up 2 empty switches in `$paramod$c6073fd8a5b287029e036048d234daa072bb204f\nanoV_registers.$proc$src/nanoV/register.v:123$979'.
Removing empty process `$paramod$c6073fd8a5b287029e036048d234daa072bb204f\nanoV_registers.$proc$src/nanoV/register.v:123$979'.
Found and cleaned up 2 empty switches in `$paramod$c6073fd8a5b287029e036048d234daa072bb204f\nanoV_registers.$proc$src/nanoV/register.v:123$974'.
Removing empty process `$paramod$c6073fd8a5b287029e036048d234daa072bb204f\nanoV_registers.$proc$src/nanoV/register.v:123$974'.
Found and cleaned up 2 empty switches in `$paramod$c6073fd8a5b287029e036048d234daa072bb204f\nanoV_registers.$proc$src/nanoV/register.v:123$969'.
Removing empty process `$paramod$c6073fd8a5b287029e036048d234daa072bb204f\nanoV_registers.$proc$src/nanoV/register.v:123$969'.
Found and cleaned up 2 empty switches in `$paramod$c6073fd8a5b287029e036048d234daa072bb204f\nanoV_registers.$proc$src/nanoV/register.v:123$964'.
Removing empty process `$paramod$c6073fd8a5b287029e036048d234daa072bb204f\nanoV_registers.$proc$src/nanoV/register.v:123$964'.
Found and cleaned up 2 empty switches in `$paramod$c6073fd8a5b287029e036048d234daa072bb204f\nanoV_registers.$proc$src/nanoV/register.v:123$959'.
Removing empty process `$paramod$c6073fd8a5b287029e036048d234daa072bb204f\nanoV_registers.$proc$src/nanoV/register.v:123$959'.
Found and cleaned up 2 empty switches in `$paramod$c6073fd8a5b287029e036048d234daa072bb204f\nanoV_registers.$proc$src/nanoV/register.v:123$954'.
Removing empty process `$paramod$c6073fd8a5b287029e036048d234daa072bb204f\nanoV_registers.$proc$src/nanoV/register.v:123$954'.
Found and cleaned up 2 empty switches in `$paramod$c6073fd8a5b287029e036048d234daa072bb204f\nanoV_registers.$proc$src/nanoV/register.v:123$949'.
Removing empty process `$paramod$c6073fd8a5b287029e036048d234daa072bb204f\nanoV_registers.$proc$src/nanoV/register.v:123$949'.
Found and cleaned up 2 empty switches in `$paramod$c6073fd8a5b287029e036048d234daa072bb204f\nanoV_registers.$proc$src/nanoV/register.v:123$944'.
Removing empty process `$paramod$c6073fd8a5b287029e036048d234daa072bb204f\nanoV_registers.$proc$src/nanoV/register.v:123$944'.
Found and cleaned up 2 empty switches in `$paramod$c6073fd8a5b287029e036048d234daa072bb204f\nanoV_registers.$proc$src/nanoV/register.v:123$939'.
Removing empty process `$paramod$c6073fd8a5b287029e036048d234daa072bb204f\nanoV_registers.$proc$src/nanoV/register.v:123$939'.
Found and cleaned up 2 empty switches in `$paramod$c6073fd8a5b287029e036048d234daa072bb204f\nanoV_registers.$proc$src/nanoV/register.v:123$934'.
Removing empty process `$paramod$c6073fd8a5b287029e036048d234daa072bb204f\nanoV_registers.$proc$src/nanoV/register.v:123$934'.
Found and cleaned up 2 empty switches in `$paramod$c6073fd8a5b287029e036048d234daa072bb204f\nanoV_registers.$proc$src/nanoV/register.v:123$929'.
Removing empty process `$paramod$c6073fd8a5b287029e036048d234daa072bb204f\nanoV_registers.$proc$src/nanoV/register.v:123$929'.
Found and cleaned up 2 empty switches in `$paramod$c6073fd8a5b287029e036048d234daa072bb204f\nanoV_registers.$proc$src/nanoV/register.v:123$924'.
Removing empty process `$paramod$c6073fd8a5b287029e036048d234daa072bb204f\nanoV_registers.$proc$src/nanoV/register.v:123$924'.
Removing empty process `$paramod$c6073fd8a5b287029e036048d234daa072bb204f\nanoV_registers.$proc$src/nanoV/register.v:43$921'.
Removing empty process `$paramod\nanoV_mul\A_BITS=s32'00000000000000000000000000010000.$proc$src/nanoV/multiply.v:33$906'.
Found and cleaned up 2 empty switches in `$paramod$c6073fd8a5b287029e036048d234daa072bb204f\nanoV_core.$proc$src/nanoV/core.v:112$894'.
Removing empty process `$paramod$c6073fd8a5b287029e036048d234daa072bb204f\nanoV_core.$proc$src/nanoV/core.v:112$894'.
Found and cleaned up 1 empty switch in `$paramod$c6073fd8a5b287029e036048d234daa072bb204f\nanoV_core.$proc$src/nanoV/core.v:88$845'.
Removing empty process `$paramod$c6073fd8a5b287029e036048d234daa072bb204f\nanoV_core.$proc$src/nanoV/core.v:88$845'.
Found and cleaned up 1 empty switch in `$paramod$c6073fd8a5b287029e036048d234daa072bb204f\nanoV_core.$proc$src/nanoV/core.v:81$844'.
Removing empty process `$paramod$c6073fd8a5b287029e036048d234daa072bb204f\nanoV_core.$proc$src/nanoV/core.v:81$844'.
Found and cleaned up 1 empty switch in `$paramod\nanoV_cpu\NUM_REGS=s32'00000000000000000000000000010000.$proc$src/nanoV/cpu.v:243$762'.
Removing empty process `$paramod\nanoV_cpu\NUM_REGS=s32'00000000000000000000000000010000.$proc$src/nanoV/cpu.v:243$762'.
Removing empty process `$paramod\nanoV_cpu\NUM_REGS=s32'00000000000000000000000000010000.$proc$src/nanoV/cpu.v:231$747'.
Found and cleaned up 23 empty switches in `$paramod\nanoV_cpu\NUM_REGS=s32'00000000000000000000000000010000.$proc$src/nanoV/cpu.v:136$718'.
Removing empty process `$paramod\nanoV_cpu\NUM_REGS=s32'00000000000000000000000000010000.$proc$src/nanoV/cpu.v:136$718'.
Removing empty process `$paramod\nanoV_cpu\NUM_REGS=s32'00000000000000000000000000010000.$proc$src/nanoV/cpu.v:94$689'.
Found and cleaned up 6 empty switches in `$paramod\nanoV_cpu\NUM_REGS=s32'00000000000000000000000000010000.$proc$src/nanoV/cpu.v:55$633'.
Removing empty process `$paramod\nanoV_cpu\NUM_REGS=s32'00000000000000000000000000010000.$proc$src/nanoV/cpu.v:55$633'.
Found and cleaned up 1 empty switch in `$paramod\nanoV_cpu\NUM_REGS=s32'00000000000000000000000000010000.$proc$src/nanoV/cpu.v:25$602'.
Removing empty process `$paramod\nanoV_cpu\NUM_REGS=s32'00000000000000000000000000010000.$proc$src/nanoV/cpu.v:25$602'.
Found and cleaned up 3 empty switches in `$paramod$ce6830bd8bd018e3cc0f9c5605fbb87f31d5ce1b\uart_tx.$proc$src/nanoV/uart/uart_tx.v:150$594'.
Removing empty process `$paramod$ce6830bd8bd018e3cc0f9c5605fbb87f31d5ce1b\uart_tx.$proc$src/nanoV/uart/uart_tx.v:150$594'.
Found and cleaned up 5 empty switches in `$paramod$ce6830bd8bd018e3cc0f9c5605fbb87f31d5ce1b\uart_tx.$proc$src/nanoV/uart/uart_tx.v:139$581'.
Removing empty process `$paramod$ce6830bd8bd018e3cc0f9c5605fbb87f31d5ce1b\uart_tx.$proc$src/nanoV/uart/uart_tx.v:139$581'.
Found and cleaned up 3 empty switches in `$paramod$ce6830bd8bd018e3cc0f9c5605fbb87f31d5ce1b\uart_tx.$proc$src/nanoV/uart/uart_tx.v:126$577'.
Removing empty process `$paramod$ce6830bd8bd018e3cc0f9c5605fbb87f31d5ce1b\uart_tx.$proc$src/nanoV/uart/uart_tx.v:126$577'.
Found and cleaned up 3 empty switches in `$paramod$ce6830bd8bd018e3cc0f9c5605fbb87f31d5ce1b\uart_tx.$proc$src/nanoV/uart/uart_tx.v:113$569'.
Removing empty process `$paramod$ce6830bd8bd018e3cc0f9c5605fbb87f31d5ce1b\uart_tx.$proc$src/nanoV/uart/uart_tx.v:113$569'.
Found and cleaned up 1 empty switch in `$paramod$ce6830bd8bd018e3cc0f9c5605fbb87f31d5ce1b\uart_rx.$proc$src/nanoV/uart/uart_rx.v:176$564'.
Removing empty process `$paramod$ce6830bd8bd018e3cc0f9c5605fbb87f31d5ce1b\uart_rx.$proc$src/nanoV/uart/uart_rx.v:176$564'.
Found and cleaned up 1 empty switch in `$paramod$ce6830bd8bd018e3cc0f9c5605fbb87f31d5ce1b\uart_rx.$proc$src/nanoV/uart/uart_rx.v:166$561'.
Removing empty process `$paramod$ce6830bd8bd018e3cc0f9c5605fbb87f31d5ce1b\uart_rx.$proc$src/nanoV/uart/uart_rx.v:166$561'.
Found and cleaned up 2 empty switches in `$paramod$ce6830bd8bd018e3cc0f9c5605fbb87f31d5ce1b\uart_rx.$proc$src/nanoV/uart/uart_rx.v:157$549'.
Removing empty process `$paramod$ce6830bd8bd018e3cc0f9c5605fbb87f31d5ce1b\uart_rx.$proc$src/nanoV/uart/uart_rx.v:157$549'.
Found and cleaned up 2 empty switches in `$paramod$ce6830bd8bd018e3cc0f9c5605fbb87f31d5ce1b\uart_rx.$proc$src/nanoV/uart/uart_rx.v:144$542'.
Removing empty process `$paramod$ce6830bd8bd018e3cc0f9c5605fbb87f31d5ce1b\uart_rx.$proc$src/nanoV/uart/uart_rx.v:144$542'.
Found and cleaned up 2 empty switches in `$paramod$ce6830bd8bd018e3cc0f9c5605fbb87f31d5ce1b\uart_rx.$proc$src/nanoV/uart/uart_rx.v:133$540'.
Removing empty process `$paramod$ce6830bd8bd018e3cc0f9c5605fbb87f31d5ce1b\uart_rx.$proc$src/nanoV/uart/uart_rx.v:133$540'.
Found and cleaned up 3 empty switches in `$paramod$ce6830bd8bd018e3cc0f9c5605fbb87f31d5ce1b\uart_rx.$proc$src/nanoV/uart/uart_rx.v:121$533'.
Removing empty process `$paramod$ce6830bd8bd018e3cc0f9c5605fbb87f31d5ce1b\uart_rx.$proc$src/nanoV/uart/uart_rx.v:121$533'.
Found and cleaned up 1 empty switch in `\nanoV_alu.$proc$src/nanoV/alu.v:0$40'.
Removing empty process `nanoV_alu.$proc$src/nanoV/alu.v:0$40'.
Found and cleaned up 7 empty switches in `\tt_um_WaiMingLee888_nanov.$proc$src/tt_top.v:92$8'.
Removing empty process `tt_um_WaiMingLee888_nanov.$proc$src/tt_top.v:92$8'.
Removing empty process `tt_um_WaiMingLee888_nanov.$proc$src/tt_top.v:59$7'.
Found and cleaned up 1 empty switch in `\tt_um_WaiMingLee888_nanov.$proc$src/tt_top.v:53$5'.
Removing empty process `tt_um_WaiMingLee888_nanov.$proc$src/tt_top.v:53$5'.
Removing empty process `tt_um_WaiMingLee888_nanov.$proc$src/tt_top.v:49$4'.
Cleaned up 97 empty switches.

11.2.12. Executing OPT_EXPR pass (perform const folding).
Optimizing module $paramod$c6073fd8a5b287029e036048d234daa072bb204f\nanoV_registers.
<suppressed ~3 debug messages>
Optimizing module $paramod\nanoV_mul\A_BITS=s32'00000000000000000000000000010000.
Optimizing module $paramod$c6073fd8a5b287029e036048d234daa072bb204f\nanoV_core.
<suppressed ~13 debug messages>
Optimizing module nanoV_shift.
<suppressed ~1 debug messages>
Optimizing module $paramod\nanoV_cpu\NUM_REGS=s32'00000000000000000000000000010000.
<suppressed ~46 debug messages>
Optimizing module $paramod$ce6830bd8bd018e3cc0f9c5605fbb87f31d5ce1b\uart_tx.
<suppressed ~14 debug messages>
Optimizing module $paramod$ce6830bd8bd018e3cc0f9c5605fbb87f31d5ce1b\uart_rx.
<suppressed ~11 debug messages>
Optimizing module nanoV_alu.
<suppressed ~1 debug messages>
Optimizing module tt_um_WaiMingLee888_nanov.
<suppressed ~2 debug messages>

11.3. Executing OPT_EXPR pass (perform const folding).
Optimizing module $paramod$c6073fd8a5b287029e036048d234daa072bb204f\nanoV_registers.
Optimizing module $paramod\nanoV_mul\A_BITS=s32'00000000000000000000000000010000.
Optimizing module $paramod$c6073fd8a5b287029e036048d234daa072bb204f\nanoV_core.
Optimizing module nanoV_shift.
Optimizing module $paramod\nanoV_cpu\NUM_REGS=s32'00000000000000000000000000010000.
Optimizing module $paramod$ce6830bd8bd018e3cc0f9c5605fbb87f31d5ce1b\uart_tx.
Optimizing module $paramod$ce6830bd8bd018e3cc0f9c5605fbb87f31d5ce1b\uart_rx.
Optimizing module nanoV_alu.
Optimizing module tt_um_WaiMingLee888_nanov.

11.4. Executing OPT_CLEAN pass (remove unused cells and wires).
Finding unused cells or wires in module $paramod$c6073fd8a5b287029e036048d234daa072bb204f\nanoV_registers..
Finding unused cells or wires in module $paramod\nanoV_mul\A_BITS=s32'00000000000000000000000000010000..
Finding unused cells or wires in module $paramod$c6073fd8a5b287029e036048d234daa072bb204f\nanoV_core..
Finding unused cells or wires in module \nanoV_shift..
Finding unused cells or wires in module $paramod\nanoV_cpu\NUM_REGS=s32'00000000000000000000000000010000..
Finding unused cells or wires in module $paramod$ce6830bd8bd018e3cc0f9c5605fbb87f31d5ce1b\uart_tx..
Finding unused cells or wires in module $paramod$ce6830bd8bd018e3cc0f9c5605fbb87f31d5ce1b\uart_rx..
Finding unused cells or wires in module \nanoV_alu..
Finding unused cells or wires in module \tt_um_WaiMingLee888_nanov..
Removed 32 unused cells and 474 unused wires.
<suppressed ~56 debug messages>

11.5. Executing CHECK pass (checking for obvious problems).
Checking module $paramod$c6073fd8a5b287029e036048d234daa072bb204f\nanoV_core...
Checking module $paramod$c6073fd8a5b287029e036048d234daa072bb204f\nanoV_registers...
Checking module $paramod$ce6830bd8bd018e3cc0f9c5605fbb87f31d5ce1b\uart_rx...
Checking module $paramod$ce6830bd8bd018e3cc0f9c5605fbb87f31d5ce1b\uart_tx...
Checking module $paramod\nanoV_cpu\NUM_REGS=s32'00000000000000000000000000010000...
Checking module $paramod\nanoV_mul\A_BITS=s32'00000000000000000000000000010000...
Checking module nanoV_alu...
Checking module nanoV_shift...
Checking module tt_um_WaiMingLee888_nanov...
Found and reported 0 problems.

11.6. Executing OPT pass (performing simple optimizations).

11.6.1. Executing OPT_EXPR pass (perform const folding).
Optimizing module $paramod$c6073fd8a5b287029e036048d234daa072bb204f\nanoV_core.
Optimizing module $paramod$c6073fd8a5b287029e036048d234daa072bb204f\nanoV_registers.
Optimizing module $paramod$ce6830bd8bd018e3cc0f9c5605fbb87f31d5ce1b\uart_rx.
Optimizing module $paramod$ce6830bd8bd018e3cc0f9c5605fbb87f31d5ce1b\uart_tx.
Optimizing module $paramod\nanoV_cpu\NUM_REGS=s32'00000000000000000000000000010000.
Optimizing module $paramod\nanoV_mul\A_BITS=s32'00000000000000000000000000010000.
Optimizing module nanoV_alu.
Optimizing module nanoV_shift.
Optimizing module tt_um_WaiMingLee888_nanov.

11.6.2. Executing OPT_MERGE pass (detect identical cells).
Finding identical cells in module `$paramod$c6073fd8a5b287029e036048d234daa072bb204f\nanoV_core'.
<suppressed ~45 debug messages>
Finding identical cells in module `$paramod$c6073fd8a5b287029e036048d234daa072bb204f\nanoV_registers'.
<suppressed ~39 debug messages>
Finding identical cells in module `$paramod$ce6830bd8bd018e3cc0f9c5605fbb87f31d5ce1b\uart_rx'.
<suppressed ~12 debug messages>
Finding identical cells in module `$paramod$ce6830bd8bd018e3cc0f9c5605fbb87f31d5ce1b\uart_tx'.
<suppressed ~15 debug messages>
Finding identical cells in module `$paramod\nanoV_cpu\NUM_REGS=s32'00000000000000000000000000010000'.
<suppressed ~51 debug messages>
Finding identical cells in module `$paramod\nanoV_mul\A_BITS=s32'00000000000000000000000000010000'.
Finding identical cells in module `\nanoV_alu'.
Finding identical cells in module `\nanoV_shift'.
Finding identical cells in module `\tt_um_WaiMingLee888_nanov'.
<suppressed ~9 debug messages>
Removed a total of 57 cells.

11.6.3. Executing OPT_MUXTREE pass (detect dead branches in mux trees).
Running muxtree optimizer on module $paramod$c6073fd8a5b287029e036048d234daa072bb204f\nanoV_core..
  Creating internal representation of mux trees.
  Evaluating internal representation of mux trees.
  Analyzing evaluation results.
Running muxtree optimizer on module $paramod$c6073fd8a5b287029e036048d234daa072bb204f\nanoV_registers..
  Creating internal representation of mux trees.
  Evaluating internal representation of mux trees.
  Analyzing evaluation results.
Running muxtree optimizer on module $paramod$ce6830bd8bd018e3cc0f9c5605fbb87f31d5ce1b\uart_rx..
  Creating internal representation of mux trees.
  Evaluating internal representation of mux trees.
  Analyzing evaluation results.
    dead port 2/2 on $mux $procmux$1611.
Running muxtree optimizer on module $paramod$ce6830bd8bd018e3cc0f9c5605fbb87f31d5ce1b\uart_tx..
  Creating internal representation of mux trees.
  Evaluating internal representation of mux trees.
  Analyzing evaluation results.
    dead port 2/2 on $mux $procmux$1542.
    dead port 1/2 on $mux $procmux$1545.
    dead port 2/2 on $mux $procmux$1548.
    dead port 1/2 on $mux $procmux$1554.
    dead port 2/2 on $mux $procmux$1557.
    dead port 2/2 on $mux $procmux$1563.
    dead port 2/2 on $mux $procmux$1566.
    dead port 2/2 on $mux $procmux$1572.
Running muxtree optimizer on module $paramod\nanoV_cpu\NUM_REGS=s32'00000000000000000000000000010000..
  Creating internal representation of mux trees.
  Evaluating internal representation of mux trees.
      Replacing known input bits on port A of cell $procmux$1159: \data_xfer -> 1'0
      Replacing known input bits on port A of cell $procmux$1180: \starting_data_stream -> 1'0
      Replacing known input bits on port A of cell $procmux$1198: \start_data_stream -> 1'0
      Replacing known input bits on port A of cell $procmux$1278: \starting_instr_stream -> 1'0
      Replacing known input bits on port A of cell $procmux$1304: \start_instr_stream -> 1'0
  Analyzing evaluation results.
    dead port 1/2 on $mux $procmux$1441.
    dead port 1/2 on $mux $procmux$1444.
    dead port 1/2 on $mux $procmux$1447.
    dead port 2/2 on $mux $procmux$1449.
    dead port 2/2 on $mux $procmux$1452.
    dead port 1/2 on $mux $procmux$1459.
    dead port 1/2 on $mux $procmux$1462.
    dead port 2/2 on $mux $procmux$1464.
    dead port 2/2 on $mux $procmux$1467.
    dead port 1/2 on $mux $procmux$1474.
    dead port 2/2 on $mux $procmux$1476.
    dead port 2/2 on $mux $procmux$1479.
    dead port 2/2 on $mux $procmux$1485.
    dead port 2/2 on $mux $procmux$1488.
Running muxtree optimizer on module $paramod\nanoV_mul\A_BITS=s32'00000000000000000000000000010000..
  Creating internal representation of mux trees.
  Evaluating internal representation of mux trees.
  Analyzing evaluation results.
Running muxtree optimizer on module \nanoV_alu..
  Creating internal representation of mux trees.
  Evaluating internal representation of mux trees.
  Analyzing evaluation results.
Running muxtree optimizer on module \nanoV_shift..
  Creating internal representation of mux trees.
  Evaluating internal representation of mux trees.
  Analyzing evaluation results.
Running muxtree optimizer on module \tt_um_WaiMingLee888_nanov..
  Creating internal representation of mux trees.
  Evaluating internal representation of mux trees.
  Analyzing evaluation results.
Removed 23 multiplexer ports.
<suppressed ~92 debug messages>

11.6.4. Executing OPT_REDUCE pass (consolidate $*mux and $reduce_* inputs).
  Optimizing cells in module $paramod$c6073fd8a5b287029e036048d234daa072bb204f\nanoV_core.
  Optimizing cells in module $paramod$c6073fd8a5b287029e036048d234daa072bb204f\nanoV_registers.
  Optimizing cells in module $paramod$ce6830bd8bd018e3cc0f9c5605fbb87f31d5ce1b\uart_rx.
  Optimizing cells in module $paramod$ce6830bd8bd018e3cc0f9c5605fbb87f31d5ce1b\uart_tx.
  Optimizing cells in module $paramod\nanoV_cpu\NUM_REGS=s32'00000000000000000000000000010000.
  Optimizing cells in module $paramod\nanoV_cpu\NUM_REGS=s32'00000000000000000000000000010000.
  Optimizing cells in module $paramod\nanoV_mul\A_BITS=s32'00000000000000000000000000010000.
  Optimizing cells in module \nanoV_alu.
  Optimizing cells in module \nanoV_shift.
  Optimizing cells in module \tt_um_WaiMingLee888_nanov.
Performed a total of 5 changes.

11.6.5. Executing OPT_MERGE pass (detect identical cells).
Finding identical cells in module `$paramod$c6073fd8a5b287029e036048d234daa072bb204f\nanoV_core'.
Finding identical cells in module `$paramod$c6073fd8a5b287029e036048d234daa072bb204f\nanoV_registers'.
Finding identical cells in module `$paramod$ce6830bd8bd018e3cc0f9c5605fbb87f31d5ce1b\uart_rx'.
Finding identical cells in module `$paramod$ce6830bd8bd018e3cc0f9c5605fbb87f31d5ce1b\uart_tx'.
Finding identical cells in module `$paramod\nanoV_cpu\NUM_REGS=s32'00000000000000000000000000010000'.
Finding identical cells in module `$paramod\nanoV_mul\A_BITS=s32'00000000000000000000000000010000'.
Finding identical cells in module `\nanoV_alu'.
Finding identical cells in module `\nanoV_shift'.
Finding identical cells in module `\tt_um_WaiMingLee888_nanov'.
Removed a total of 0 cells.

11.6.6. Executing OPT_DFF pass (perform DFF optimizations).

11.6.7. Executing OPT_CLEAN pass (remove unused cells and wires).
Finding unused cells or wires in module $paramod$c6073fd8a5b287029e036048d234daa072bb204f\nanoV_core..
Finding unused cells or wires in module $paramod$c6073fd8a5b287029e036048d234daa072bb204f\nanoV_registers..
Finding unused cells or wires in module $paramod$ce6830bd8bd018e3cc0f9c5605fbb87f31d5ce1b\uart_rx..
Finding unused cells or wires in module $paramod$ce6830bd8bd018e3cc0f9c5605fbb87f31d5ce1b\uart_tx..
Finding unused cells or wires in module $paramod\nanoV_cpu\NUM_REGS=s32'00000000000000000000000000010000..
Finding unused cells or wires in module $paramod\nanoV_mul\A_BITS=s32'00000000000000000000000000010000..
Finding unused cells or wires in module \nanoV_alu..
Finding unused cells or wires in module \nanoV_shift..
Finding unused cells or wires in module \tt_um_WaiMingLee888_nanov..
Removed 0 unused cells and 85 unused wires.
<suppressed ~6 debug messages>

11.6.8. Executing OPT_EXPR pass (perform const folding).
Optimizing module $paramod$c6073fd8a5b287029e036048d234daa072bb204f\nanoV_core.
Optimizing module $paramod$c6073fd8a5b287029e036048d234daa072bb204f\nanoV_registers.
Optimizing module $paramod$ce6830bd8bd018e3cc0f9c5605fbb87f31d5ce1b\uart_rx.
Optimizing module $paramod$ce6830bd8bd018e3cc0f9c5605fbb87f31d5ce1b\uart_tx.
Optimizing module $paramod\nanoV_cpu\NUM_REGS=s32'00000000000000000000000000010000.
Optimizing module $paramod\nanoV_mul\A_BITS=s32'00000000000000000000000000010000.
Optimizing module nanoV_alu.
Optimizing module nanoV_shift.
Optimizing module tt_um_WaiMingLee888_nanov.

11.6.9. Rerunning OPT passes. (Maybe there is more to do..)

11.6.10. Executing OPT_MUXTREE pass (detect dead branches in mux trees).
Running muxtree optimizer on module $paramod$c6073fd8a5b287029e036048d234daa072bb204f\nanoV_core..
  Creating internal representation of mux trees.
  Evaluating internal representation of mux trees.
  Analyzing evaluation results.
Running muxtree optimizer on module $paramod$c6073fd8a5b287029e036048d234daa072bb204f\nanoV_registers..
  Creating internal representation of mux trees.
  Evaluating internal representation of mux trees.
  Analyzing evaluation results.
Running muxtree optimizer on module $paramod$ce6830bd8bd018e3cc0f9c5605fbb87f31d5ce1b\uart_rx..
  Creating internal representation of mux trees.
  Evaluating internal representation of mux trees.
  Analyzing evaluation results.
Running muxtree optimizer on module $paramod$ce6830bd8bd018e3cc0f9c5605fbb87f31d5ce1b\uart_tx..
  Creating internal representation of mux trees.
  Evaluating internal representation of mux trees.
  Analyzing evaluation results.
Running muxtree optimizer on module $paramod\nanoV_cpu\NUM_REGS=s32'00000000000000000000000000010000..
  Creating internal representation of mux trees.
  Evaluating internal representation of mux trees.
  Analyzing evaluation results.
Running muxtree optimizer on module $paramod\nanoV_mul\A_BITS=s32'00000000000000000000000000010000..
  Creating internal representation of mux trees.
  Evaluating internal representation of mux trees.
  Analyzing evaluation results.
Running muxtree optimizer on module \nanoV_alu..
  Creating internal representation of mux trees.
  Evaluating internal representation of mux trees.
  Analyzing evaluation results.
Running muxtree optimizer on module \nanoV_shift..
  Creating internal representation of mux trees.
  Evaluating internal representation of mux trees.
  Analyzing evaluation results.
Running muxtree optimizer on module \tt_um_WaiMingLee888_nanov..
  Creating internal representation of mux trees.
  Evaluating internal representation of mux trees.
  Analyzing evaluation results.
Removed 0 multiplexer ports.
<suppressed ~92 debug messages>

11.6.11. Executing OPT_REDUCE pass (consolidate $*mux and $reduce_* inputs).
  Optimizing cells in module $paramod$c6073fd8a5b287029e036048d234daa072bb204f\nanoV_core.
  Optimizing cells in module $paramod$c6073fd8a5b287029e036048d234daa072bb204f\nanoV_registers.
  Optimizing cells in module $paramod$ce6830bd8bd018e3cc0f9c5605fbb87f31d5ce1b\uart_rx.
  Optimizing cells in module $paramod$ce6830bd8bd018e3cc0f9c5605fbb87f31d5ce1b\uart_tx.
  Optimizing cells in module $paramod\nanoV_cpu\NUM_REGS=s32'00000000000000000000000000010000.
  Optimizing cells in module $paramod\nanoV_mul\A_BITS=s32'00000000000000000000000000010000.
  Optimizing cells in module \nanoV_alu.
  Optimizing cells in module \nanoV_shift.
  Optimizing cells in module \tt_um_WaiMingLee888_nanov.
Performed a total of 0 changes.

11.6.12. Executing OPT_MERGE pass (detect identical cells).
Finding identical cells in module `$paramod$c6073fd8a5b287029e036048d234daa072bb204f\nanoV_core'.
Finding identical cells in module `$paramod$c6073fd8a5b287029e036048d234daa072bb204f\nanoV_registers'.
Finding identical cells in module `$paramod$ce6830bd8bd018e3cc0f9c5605fbb87f31d5ce1b\uart_rx'.
Finding identical cells in module `$paramod$ce6830bd8bd018e3cc0f9c5605fbb87f31d5ce1b\uart_tx'.
Finding identical cells in module `$paramod\nanoV_cpu\NUM_REGS=s32'00000000000000000000000000010000'.
Finding identical cells in module `$paramod\nanoV_mul\A_BITS=s32'00000000000000000000000000010000'.
Finding identical cells in module `\nanoV_alu'.
Finding identical cells in module `\nanoV_shift'.
Finding identical cells in module `\tt_um_WaiMingLee888_nanov'.
Removed a total of 0 cells.

11.6.13. Executing OPT_DFF pass (perform DFF optimizations).

11.6.14. Executing OPT_CLEAN pass (remove unused cells and wires).
Finding unused cells or wires in module $paramod$c6073fd8a5b287029e036048d234daa072bb204f\nanoV_core..
Finding unused cells or wires in module $paramod$c6073fd8a5b287029e036048d234daa072bb204f\nanoV_registers..
Finding unused cells or wires in module $paramod$ce6830bd8bd018e3cc0f9c5605fbb87f31d5ce1b\uart_rx..
Finding unused cells or wires in module $paramod$ce6830bd8bd018e3cc0f9c5605fbb87f31d5ce1b\uart_tx..
Finding unused cells or wires in module $paramod\nanoV_cpu\NUM_REGS=s32'00000000000000000000000000010000..
Finding unused cells or wires in module $paramod\nanoV_mul\A_BITS=s32'00000000000000000000000000010000..
Finding unused cells or wires in module \nanoV_alu..
Finding unused cells or wires in module \nanoV_shift..
Finding unused cells or wires in module \tt_um_WaiMingLee888_nanov..

11.6.15. Executing OPT_EXPR pass (perform const folding).
Optimizing module $paramod$c6073fd8a5b287029e036048d234daa072bb204f\nanoV_core.
Optimizing module $paramod$c6073fd8a5b287029e036048d234daa072bb204f\nanoV_registers.
Optimizing module $paramod$ce6830bd8bd018e3cc0f9c5605fbb87f31d5ce1b\uart_rx.
Optimizing module $paramod$ce6830bd8bd018e3cc0f9c5605fbb87f31d5ce1b\uart_tx.
Optimizing module $paramod\nanoV_cpu\NUM_REGS=s32'00000000000000000000000000010000.
Optimizing module $paramod\nanoV_mul\A_BITS=s32'00000000000000000000000000010000.
Optimizing module nanoV_alu.
Optimizing module nanoV_shift.
Optimizing module tt_um_WaiMingLee888_nanov.

11.6.16. Finished OPT passes. (There is nothing left to do.)

11.7. Executing FSM pass (extract and optimize FSM).

11.7.1. Executing FSM_DETECT pass (finding FSMs in design).
Not marking $paramod\nanoV_cpu\NUM_REGS=s32'00000000000000000000000000010000.instr_cycles_reg as FSM state register:
    Users of register don't seem to benefit from recoding.
Found FSM state register tt_um_WaiMingLee888_nanov.connect_peripheral.

11.7.2. Executing FSM_EXTRACT pass (extracting FSM from design).
Extracting FSM `\connect_peripheral' from module `\tt_um_WaiMingLee888_nanov'.
  found $dff cell for state register: $procdff$1721
  root of input selection tree: $0\connect_peripheral[2:0]
  found reset state: 3'000 (guessed from mux tree)
  found ctrl input: \rst_n
  found state code: 3'000
  found ctrl input: \is_addr
  found ctrl input: $eq$src/tt_top.v:97$10_Y
  found ctrl input: $eq$src/tt_top.v:98$11_Y
  found ctrl input: $eq$src/tt_top.v:99$12_Y
  found ctrl input: $eq$src/tt_top.v:100$13_Y
  found state code: 3'101
  found state code: 3'100
  found state code: 3'011
  found state code: 3'010
  found ctrl output: $eq$src/tt_top.v:104$14_Y
  found ctrl output: $eq$src/tt_top.v:112$17_Y
  found ctrl output: $eq$src/tt_top.v:113$18_Y
  found ctrl output: $eq$src/tt_top.v:114$19_Y
  ctrl inputs: { $eq$src/tt_top.v:100$13_Y $eq$src/tt_top.v:99$12_Y $eq$src/tt_top.v:98$11_Y $eq$src/tt_top.v:97$10_Y \is_addr \rst_n }
  ctrl outputs: { $eq$src/tt_top.v:114$19_Y $eq$src/tt_top.v:113$18_Y $eq$src/tt_top.v:112$17_Y $eq$src/tt_top.v:104$14_Y $0\connect_peripheral[2:0] }
  transition:      3'000 6'-----0 ->      3'000 7'0000000
  transition:      3'000 6'----01 ->      3'000 7'0000000
  transition:      3'000 6'000011 ->      3'000 7'0000000
  transition:      3'000 6'100011 ->      3'101 7'0000101
  transition:      3'000 6'-10011 ->      3'100 7'0000100
  transition:      3'000 6'--1011 ->      3'011 7'0000011
  transition:      3'000 6'---111 ->      3'010 7'0000010
  transition:      3'100 6'-----0 ->      3'000 7'0100000
  transition:      3'100 6'----01 ->      3'100 7'0100100
  transition:      3'100 6'000011 ->      3'000 7'0100000
  transition:      3'100 6'100011 ->      3'101 7'0100101
  transition:      3'100 6'-10011 ->      3'100 7'0100100
  transition:      3'100 6'--1011 ->      3'011 7'0100011
  transition:      3'100 6'---111 ->      3'010 7'0100010
  transition:      3'010 6'-----0 ->      3'000 7'0001000
  transition:      3'010 6'----01 ->      3'010 7'0001010
  transition:      3'010 6'000011 ->      3'000 7'0001000
  transition:      3'010 6'100011 ->      3'101 7'0001101
  transition:      3'010 6'-10011 ->      3'100 7'0001100
  transition:      3'010 6'--1011 ->      3'011 7'0001011
  transition:      3'010 6'---111 ->      3'010 7'0001010
  transition:      3'101 6'-----0 ->      3'000 7'1000000
  transition:      3'101 6'----01 ->      3'101 7'1000101
  transition:      3'101 6'000011 ->      3'000 7'1000000
  transition:      3'101 6'100011 ->      3'101 7'1000101
  transition:      3'101 6'-10011 ->      3'100 7'1000100
  transition:      3'101 6'--1011 ->      3'011 7'1000011
  transition:      3'101 6'---111 ->      3'010 7'1000010
  transition:      3'011 6'-----0 ->      3'000 7'0010000
  transition:      3'011 6'----01 ->      3'011 7'0010011
  transition:      3'011 6'000011 ->      3'000 7'0010000
  transition:      3'011 6'100011 ->      3'101 7'0010101
  transition:      3'011 6'-10011 ->      3'100 7'0010100
  transition:      3'011 6'--1011 ->      3'011 7'0010011
  transition:      3'011 6'---111 ->      3'010 7'0010010

11.7.3. Executing FSM_OPT pass (simple optimizations of FSMs).
Optimizing FSM `$fsm$\connect_peripheral$1725' from module `\tt_um_WaiMingLee888_nanov'.

11.7.4. Executing OPT_CLEAN pass (remove unused cells and wires).
Finding unused cells or wires in module $paramod$c6073fd8a5b287029e036048d234daa072bb204f\nanoV_core..
Finding unused cells or wires in module $paramod$c6073fd8a5b287029e036048d234daa072bb204f\nanoV_registers..
Finding unused cells or wires in module $paramod$ce6830bd8bd018e3cc0f9c5605fbb87f31d5ce1b\uart_rx..
Finding unused cells or wires in module $paramod$ce6830bd8bd018e3cc0f9c5605fbb87f31d5ce1b\uart_tx..
Finding unused cells or wires in module $paramod\nanoV_cpu\NUM_REGS=s32'00000000000000000000000000010000..
Finding unused cells or wires in module $paramod\nanoV_mul\A_BITS=s32'00000000000000000000000000010000..
Finding unused cells or wires in module \nanoV_alu..
Finding unused cells or wires in module \nanoV_shift..
Finding unused cells or wires in module \tt_um_WaiMingLee888_nanov..
Removed 11 unused cells and 11 unused wires.
<suppressed ~12 debug messages>

11.7.5. Executing FSM_OPT pass (simple optimizations of FSMs).
Optimizing FSM `$fsm$\connect_peripheral$1725' from module `\tt_um_WaiMingLee888_nanov'.
  Removing unused output signal $0\connect_peripheral[2:0] [0].
  Removing unused output signal $0\connect_peripheral[2:0] [1].
  Removing unused output signal $0\connect_peripheral[2:0] [2].

11.7.6. Executing FSM_RECODE pass (re-assigning FSM state encoding).
Recoding FSM `$fsm$\connect_peripheral$1725' from module `\tt_um_WaiMingLee888_nanov' using `auto' encoding:
  mapping auto encoding to `one-hot` for this FSM.
  000 -> ----1
  100 -> ---1-
  010 -> --1--
  101 -> -1---
  011 -> 1----

11.7.7. Executing FSM_INFO pass (dumping all available information on FSM cells).

FSM `$fsm$\connect_peripheral$1725' from module `tt_um_WaiMingLee888_nanov':
-------------------------------------

  Information on FSM $fsm$\connect_peripheral$1725 (\connect_peripheral):

  Number of input signals:    6
  Number of output signals:   4
  Number of state bits:       5

  Input signals:
    0: \rst_n
    1: \is_addr
    2: $eq$src/tt_top.v:97$10_Y
    3: $eq$src/tt_top.v:98$11_Y
    4: $eq$src/tt_top.v:99$12_Y
    5: $eq$src/tt_top.v:100$13_Y

  Output signals:
    0: $eq$src/tt_top.v:104$14_Y
    1: $eq$src/tt_top.v:112$17_Y
    2: $eq$src/tt_top.v:113$18_Y
    3: $eq$src/tt_top.v:114$19_Y

  State encoding:
    0:    5'----1  <RESET STATE>
    1:    5'---1-
    2:    5'--1--
    3:    5'-1---
    4:    5'1----

  Transition Table (state_in, ctrl_in, state_out, ctrl_out):
      0:     0 6'-----0   ->     0 4'0000
      1:     0 6'----01   ->     0 4'0000
      2:     0 6'000011   ->     0 4'0000
      3:     0 6'-10011   ->     1 4'0000
      4:     0 6'---111   ->     2 4'0000
      5:     0 6'100011   ->     3 4'0000
      6:     0 6'--1011   ->     4 4'0000
      7:     1 6'-----0   ->     0 4'0100
      8:     1 6'000011   ->     0 4'0100
      9:     1 6'----01   ->     1 4'0100
     10:     1 6'-10011   ->     1 4'0100
     11:     1 6'---111   ->     2 4'0100
     12:     1 6'100011   ->     3 4'0100
     13:     1 6'--1011   ->     4 4'0100
     14:     2 6'-----0   ->     0 4'0001
     15:     2 6'000011   ->     0 4'0001
     16:     2 6'-10011   ->     1 4'0001
     17:     2 6'----01   ->     2 4'0001
     18:     2 6'---111   ->     2 4'0001
     19:     2 6'100011   ->     3 4'0001
     20:     2 6'--1011   ->     4 4'0001
     21:     3 6'-----0   ->     0 4'1000
     22:     3 6'000011   ->     0 4'1000
     23:     3 6'-10011   ->     1 4'1000
     24:     3 6'---111   ->     2 4'1000
     25:     3 6'----01   ->     3 4'1000
     26:     3 6'100011   ->     3 4'1000
     27:     3 6'--1011   ->     4 4'1000
     28:     4 6'-----0   ->     0 4'0010
     29:     4 6'000011   ->     0 4'0010
     30:     4 6'-10011   ->     1 4'0010
     31:     4 6'---111   ->     2 4'0010
     32:     4 6'100011   ->     3 4'0010
     33:     4 6'----01   ->     4 4'0010
     34:     4 6'--1011   ->     4 4'0010

-------------------------------------

11.7.8. Executing FSM_MAP pass (mapping FSMs to basic logic).
Mapping FSM `$fsm$\connect_peripheral$1725' from module `\tt_um_WaiMingLee888_nanov'.

11.8. Executing OPT pass (performing simple optimizations).

11.8.1. Executing OPT_EXPR pass (perform const folding).
Optimizing module $paramod$c6073fd8a5b287029e036048d234daa072bb204f\nanoV_core.
Optimizing module $paramod$c6073fd8a5b287029e036048d234daa072bb204f\nanoV_registers.
Optimizing module $paramod$ce6830bd8bd018e3cc0f9c5605fbb87f31d5ce1b\uart_rx.
Optimizing module $paramod$ce6830bd8bd018e3cc0f9c5605fbb87f31d5ce1b\uart_tx.
Optimizing module $paramod\nanoV_cpu\NUM_REGS=s32'00000000000000000000000000010000.
Optimizing module $paramod\nanoV_mul\A_BITS=s32'00000000000000000000000000010000.
Optimizing module nanoV_alu.
Optimizing module nanoV_shift.
Optimizing module tt_um_WaiMingLee888_nanov.
<suppressed ~1 debug messages>

11.8.2. Executing OPT_MERGE pass (detect identical cells).
Finding identical cells in module `$paramod$c6073fd8a5b287029e036048d234daa072bb204f\nanoV_core'.
Finding identical cells in module `$paramod$c6073fd8a5b287029e036048d234daa072bb204f\nanoV_registers'.
Finding identical cells in module `$paramod$ce6830bd8bd018e3cc0f9c5605fbb87f31d5ce1b\uart_rx'.
Finding identical cells in module `$paramod$ce6830bd8bd018e3cc0f9c5605fbb87f31d5ce1b\uart_tx'.
Finding identical cells in module `$paramod\nanoV_cpu\NUM_REGS=s32'00000000000000000000000000010000'.
Finding identical cells in module `$paramod\nanoV_mul\A_BITS=s32'00000000000000000000000000010000'.
Finding identical cells in module `\nanoV_alu'.
Finding identical cells in module `\nanoV_shift'.
Finding identical cells in module `\tt_um_WaiMingLee888_nanov'.
<suppressed ~12 debug messages>
Removed a total of 4 cells.

11.8.3. Executing OPT_MUXTREE pass (detect dead branches in mux trees).
Running muxtree optimizer on module $paramod$c6073fd8a5b287029e036048d234daa072bb204f\nanoV_core..
  Creating internal representation of mux trees.
  Evaluating internal representation of mux trees.
  Analyzing evaluation results.
Running muxtree optimizer on module $paramod$c6073fd8a5b287029e036048d234daa072bb204f\nanoV_registers..
  Creating internal representation of mux trees.
  Evaluating internal representation of mux trees.
  Analyzing evaluation results.
Running muxtree optimizer on module $paramod$ce6830bd8bd018e3cc0f9c5605fbb87f31d5ce1b\uart_rx..
  Creating internal representation of mux trees.
  Evaluating internal representation of mux trees.
  Analyzing evaluation results.
Running muxtree optimizer on module $paramod$ce6830bd8bd018e3cc0f9c5605fbb87f31d5ce1b\uart_tx..
  Creating internal representation of mux trees.
  Evaluating internal representation of mux trees.
  Analyzing evaluation results.
Running muxtree optimizer on module $paramod\nanoV_cpu\NUM_REGS=s32'00000000000000000000000000010000..
  Creating internal representation of mux trees.
  Evaluating internal representation of mux trees.
  Analyzing evaluation results.
Running muxtree optimizer on module $paramod\nanoV_mul\A_BITS=s32'00000000000000000000000000010000..
  Creating internal representation of mux trees.
  Evaluating internal representation of mux trees.
  Analyzing evaluation results.
Running muxtree optimizer on module \nanoV_alu..
  Creating internal representation of mux trees.
  Evaluating internal representation of mux trees.
  Analyzing evaluation results.
Running muxtree optimizer on module \nanoV_shift..
  Creating internal representation of mux trees.
  Evaluating internal representation of mux trees.
  Analyzing evaluation results.
Running muxtree optimizer on module \tt_um_WaiMingLee888_nanov..
  Creating internal representation of mux trees.
  Evaluating internal representation of mux trees.
  Analyzing evaluation results.
Removed 0 multiplexer ports.
<suppressed ~91 debug messages>

11.8.4. Executing OPT_REDUCE pass (consolidate $*mux and $reduce_* inputs).
  Optimizing cells in module $paramod$c6073fd8a5b287029e036048d234daa072bb204f\nanoV_core.
  Optimizing cells in module $paramod$c6073fd8a5b287029e036048d234daa072bb204f\nanoV_registers.
  Optimizing cells in module $paramod$ce6830bd8bd018e3cc0f9c5605fbb87f31d5ce1b\uart_rx.
  Optimizing cells in module $paramod$ce6830bd8bd018e3cc0f9c5605fbb87f31d5ce1b\uart_tx.
  Optimizing cells in module $paramod\nanoV_cpu\NUM_REGS=s32'00000000000000000000000000010000.
  Optimizing cells in module $paramod\nanoV_mul\A_BITS=s32'00000000000000000000000000010000.
  Optimizing cells in module \nanoV_alu.
  Optimizing cells in module \nanoV_shift.
  Optimizing cells in module \tt_um_WaiMingLee888_nanov.
Performed a total of 0 changes.

11.8.5. Executing OPT_MERGE pass (detect identical cells).
Finding identical cells in module `$paramod$c6073fd8a5b287029e036048d234daa072bb204f\nanoV_core'.
Finding identical cells in module `$paramod$c6073fd8a5b287029e036048d234daa072bb204f\nanoV_registers'.
Finding identical cells in module `$paramod$ce6830bd8bd018e3cc0f9c5605fbb87f31d5ce1b\uart_rx'.
Finding identical cells in module `$paramod$ce6830bd8bd018e3cc0f9c5605fbb87f31d5ce1b\uart_tx'.
Finding identical cells in module `$paramod\nanoV_cpu\NUM_REGS=s32'00000000000000000000000000010000'.
Finding identical cells in module `$paramod\nanoV_mul\A_BITS=s32'00000000000000000000000000010000'.
Finding identical cells in module `\nanoV_alu'.
Finding identical cells in module `\nanoV_shift'.
Finding identical cells in module `\tt_um_WaiMingLee888_nanov'.
Removed a total of 0 cells.

11.8.6. Executing OPT_DFF pass (perform DFF optimizations).
Adding SRST signal on $procdff$1686 ($dff) from module $paramod$c6073fd8a5b287029e036048d234daa072bb204f\nanoV_core (D = \is_equal, Q = \is_equal_reg, rval = 1'1).
Adding EN signal on $procdff$1684 ($dff) from module $paramod$c6073fd8a5b287029e036048d234daa072bb204f\nanoV_core (D = { $ternary$src/nanoV/core.v:90$850_Y \shift_amt_reg [4:1] }, Q = \shift_amt_reg).
Adding EN signal on $procdff$1683 ($dff) from module $paramod$c6073fd8a5b287029e036048d234daa072bb204f\nanoV_core (D = $0\stored_data[31:0], Q = \stored_data).
Adding SRST signal on $procdff$1719 ($dff) from module $paramod$ce6830bd8bd018e3cc0f9c5605fbb87f31d5ce1b\uart_rx (D = $procmux$1630_Y, Q = \recieved_data, rval = 8'00000000).
Adding EN signal on $auto$ff.cc:266:slice$1777 ($sdff) from module $paramod$ce6830bd8bd018e3cc0f9c5605fbb87f31d5ce1b\uart_rx (D = { \bit_sample \recieved_data [7:1] }, Q = \recieved_data).
Adding SRST signal on $procdff$1718 ($dff) from module $paramod$ce6830bd8bd018e3cc0f9c5605fbb87f31d5ce1b\uart_rx (D = $procmux$1625_Y, Q = \bit_sample, rval = 1'0).
Adding EN signal on $auto$ff.cc:266:slice$1783 ($sdff) from module $paramod$ce6830bd8bd018e3cc0f9c5605fbb87f31d5ce1b\uart_rx (D = \rxd_reg [0], Q = \bit_sample).
Adding SRST signal on $procdff$1717 ($dff) from module $paramod$ce6830bd8bd018e3cc0f9c5605fbb87f31d5ce1b\uart_rx (D = $add$src/nanoV/uart/uart_rx.v:150$548_Y, Q = \cycle_counter, rval = 8'00000000).
Adding SRST signal on $procdff$1715 ($dff) from module $paramod$ce6830bd8bd018e3cc0f9c5605fbb87f31d5ce1b\uart_rx (D = $2\next_fsm_state$func$src/nanoV/uart/uart_rx.v:161$529.$result[3:0]$553, Q = \fsm_state, rval = 4'0000).
Adding EN signal on $auto$ff.cc:266:slice$1790 ($sdff) from module $paramod$ce6830bd8bd018e3cc0f9c5605fbb87f31d5ce1b\uart_rx (D = $2\next_fsm_state$func$src/nanoV/uart/uart_rx.v:161$529.$result[3:0]$553, Q = \fsm_state).
Adding SRST signal on $procdff$1714 ($dff) from module $paramod$ce6830bd8bd018e3cc0f9c5605fbb87f31d5ce1b\uart_rx (D = $gt$src/nanoV/uart/uart_rx.v:170$563_Y, Q = \uart_rts, rval = 1'1).
Adding SRST signal on $procdff$1713 ($dff) from module $paramod$ce6830bd8bd018e3cc0f9c5605fbb87f31d5ce1b\uart_rx (D = { \uart_rxd \rxd_reg [1] }, Q = \rxd_reg, rval = 2'11).
Adding SRST signal on $procdff$1712 ($dff) from module $paramod$ce6830bd8bd018e3cc0f9c5605fbb87f31d5ce1b\uart_tx (D = $procmux$1594_Y, Q = \data_to_send, rval = 8'00000000).
Adding EN signal on $auto$ff.cc:266:slice$1796 ($sdff) from module $paramod$ce6830bd8bd018e3cc0f9c5605fbb87f31d5ce1b\uart_tx (D = $procmux$1594_Y, Q = \data_to_send).
Adding SRST signal on $procdff$1711 ($dff) from module $paramod$ce6830bd8bd018e3cc0f9c5605fbb87f31d5ce1b\uart_tx (D = $procmux$1583_Y, Q = \cycle_counter, rval = 8'00000000).
Adding EN signal on $auto$ff.cc:266:slice$1800 ($sdff) from module $paramod$ce6830bd8bd018e3cc0f9c5605fbb87f31d5ce1b\uart_tx (D = $add$src/nanoV/uart/uart_tx.v:132$580_Y, Q = \cycle_counter).
Adding SRST signal on $procdff$1708 ($dff) from module $paramod$ce6830bd8bd018e3cc0f9c5605fbb87f31d5ce1b\uart_tx (D = $2\next_fsm_state$func$src/nanoV/uart/uart_tx.v:143$566.$result[3:0]$588, Q = \fsm_state, rval = 4'0000).
Adding EN signal on $auto$ff.cc:266:slice$1806 ($sdff) from module $paramod$ce6830bd8bd018e3cc0f9c5605fbb87f31d5ce1b\uart_tx (D = $2\next_fsm_state$func$src/nanoV/uart/uart_tx.v:143$566.$result[3:0]$588, Q = \fsm_state).
Adding SRST signal on $procdff$1707 ($dff) from module $paramod$ce6830bd8bd018e3cc0f9c5605fbb87f31d5ce1b\uart_tx (D = $procmux$1533_Y, Q = \txd_reg, rval = 1'1).
Adding SRST signal on $procdff$1706 ($dff) from module $paramod\nanoV_cpu\NUM_REGS=s32'00000000000000000000000000010000 (D = \next_counter [4:0], Q = \counter, rval = 5'00000).
Adding SRST signal on $procdff$1703 ($dff) from module $paramod\nanoV_cpu\NUM_REGS=s32'00000000000000000000000000010000 (D = $procmux$1515_Y, Q = \instr_cycles_reg, rval = 3'011).
Adding EN signal on $auto$ff.cc:266:slice$1812 ($sdff) from module $paramod\nanoV_cpu\NUM_REGS=s32'00000000000000000000000000010000 (D = $3\cycles_for_instr$func$src/nanoV/cpu.v:64$600.$result[2:0]$643, Q = \instr_cycles_reg).
Adding SRST signal on $procdff$1702 ($dff) from module $paramod\nanoV_cpu\NUM_REGS=s32'00000000000000000000000000010000 (D = \next_cycle, Q = \cycle, rval = 3'000).
Adding SRST signal on $procdff$1701 ($dff) from module $paramod\nanoV_cpu\NUM_REGS=s32'00000000000000000000000000010000 (D = $procmux$1521_Y, Q = \instr, rval = 30'000000000000000000000000011011).
Adding EN signal on $auto$ff.cc:266:slice$1819 ($sdff) from module $paramod\nanoV_cpu\NUM_REGS=s32'00000000000000000000000000010000 (D = \next_instr [31:2], Q = \instr).
Adding SRST signal on $procdff$1700 ($dff) from module $paramod\nanoV_cpu\NUM_REGS=s32'00000000000000000000000000010000 (D = \data_in, Q = \last_data_in, rval = 1'0).
Adding SRST signal on $procdff$1699 ($dff) from module $paramod\nanoV_cpu\NUM_REGS=s32'00000000000000000000000000010000 (D = $procmux$1170_Y, Q = \data_xfer, rval = 1'0).
Adding EN signal on $auto$ff.cc:266:slice$1822 ($sdff) from module $paramod\nanoV_cpu\NUM_REGS=s32'00000000000000000000000000010000 (D = $procmux$1167_Y, Q = \data_xfer).
Adding SRST signal on $procdff$1698 ($dff) from module $paramod\nanoV_cpu\NUM_REGS=s32'00000000000000000000000000010000 (D = $procmux$1188_Y, Q = \starting_data_stream, rval = 1'0).
Adding EN signal on $auto$ff.cc:266:slice$1840 ($sdff) from module $paramod\nanoV_cpu\NUM_REGS=s32'00000000000000000000000000010000 (D = $procmux$1183_Y, Q = \starting_data_stream).
Adding SRST signal on $procdff$1697 ($dff) from module $paramod\nanoV_cpu\NUM_REGS=s32'00000000000000000000000000010000 (D = $procmux$1205_Y, Q = \start_data_stream, rval = 1'0).
Adding EN signal on $auto$ff.cc:266:slice$1850 ($sdff) from module $paramod\nanoV_cpu\NUM_REGS=s32'00000000000000000000000000010000 (D = $procmux$1205_Y, Q = \start_data_stream).
Adding SRST signal on $procdff$1696 ($dff) from module $paramod\nanoV_cpu\NUM_REGS=s32'00000000000000000000000000010000 (D = $procmux$1239_Y, Q = \first_instr, rval = 2'00).
Adding EN signal on $auto$ff.cc:266:slice$1862 ($sdff) from module $paramod\nanoV_cpu\NUM_REGS=s32'00000000000000000000000000010000 (D = $procmux$1236_Y, Q = \first_instr).
Adding SRST signal on $procdff$1695 ($dff) from module $paramod\nanoV_cpu\NUM_REGS=s32'00000000000000000000000000010000 (D = $procmux$1269_Y, Q = \read_instr, rval = 1'0).
Adding EN signal on $auto$ff.cc:266:slice$1882 ($sdff) from module $paramod\nanoV_cpu\NUM_REGS=s32'00000000000000000000000000010000 (D = $procmux$1269_Y, Q = \read_instr).
Adding SRST signal on $procdff$1694 ($dff) from module $paramod\nanoV_cpu\NUM_REGS=s32'00000000000000000000000000010000 (D = $procmux$1295_Y, Q = \starting_instr_stream, rval = 1'0).
Adding EN signal on $auto$ff.cc:266:slice$1904 ($sdff) from module $paramod\nanoV_cpu\NUM_REGS=s32'00000000000000000000000000010000 (D = $procmux$1281_Y, Q = \starting_instr_stream).
Adding SRST signal on $procdff$1693 ($dff) from module $paramod\nanoV_cpu\NUM_REGS=s32'00000000000000000000000000010000 (D = $procmux$1331_Y, Q = \start_instr_stream, rval = 1'1).
Adding EN signal on $auto$ff.cc:266:slice$1920 ($sdff) from module $paramod\nanoV_cpu\NUM_REGS=s32'00000000000000000000000000010000 (D = $procmux$1328_Y, Q = \start_instr_stream).
Adding SRST signal on $procdff$1692 ($dff) from module $paramod\nanoV_cpu\NUM_REGS=s32'00000000000000000000000000010000 (D = $procmux$1359_Y, Q = \use_ext_data_in_reg, rval = 1'0).
Adding EN signal on $auto$ff.cc:266:slice$1942 ($sdff) from module $paramod\nanoV_cpu\NUM_REGS=s32'00000000000000000000000000010000 (D = $procmux$1345_Y, Q = \use_ext_data_in_reg).
Adding SRST signal on $procdff$1691 ($dff) from module $paramod\nanoV_cpu\NUM_REGS=s32'00000000000000000000000000010000 (D = $procmux$1142_Y, Q = \pc, rval = 22'0000000000000000000000).
Adding EN signal on $auto$ff.cc:266:slice$1958 ($sdff) from module $paramod\nanoV_cpu\NUM_REGS=s32'00000000000000000000000000010000 (D = $procmux$1142_Y, Q = \pc).
Adding SRST signal on $procdff$1690 ($dff) from module $paramod\nanoV_cpu\NUM_REGS=s32'00000000000000000000000000010000 (D = $procmux$1390_Y, Q = \spi_clk_enable, rval = 1'1).
Adding EN signal on $auto$ff.cc:266:slice$1962 ($sdff) from module $paramod\nanoV_cpu\NUM_REGS=s32'00000000000000000000000000010000 (D = $procmux$1367_Y, Q = \spi_clk_enable).
Adding SRST signal on $procdff$1689 ($dff) from module $paramod\nanoV_cpu\NUM_REGS=s32'00000000000000000000000000010000 (D = $procmux$1428_Y, Q = \spi_select, rval = 1'1).
Adding EN signal on $auto$ff.cc:266:slice$1982 ($sdff) from module $paramod\nanoV_cpu\NUM_REGS=s32'00000000000000000000000000010000 (D = $procmux$1428_Y, Q = \spi_select).
Adding SRST signal on $procdff$1687 ($dff) from module $paramod\nanoV_cpu\NUM_REGS=s32'00000000000000000000000000010000 (D = { \next_instr_new_bit \next_instr [31:1] }, Q = \next_instr, rval = 19).
Adding SRST signal on $procdff$1682 ($dff) from module $paramod\nanoV_mul\A_BITS=s32'00000000000000000000000000010000 (D = \next_accum [16], Q = \accum [15], rval = 1'0).
Adding SRST signal on $procdff$1723 ($dff) from module tt_um_WaiMingLee888_nanov (D = \spi_select_nano, Q = \spi_select, rval = 1'1).
Adding EN signal on $procdff$1720 ($dff) from module tt_um_WaiMingLee888_nanov (D = \data_out [7:0], Q = \output_data).

11.8.7. Executing OPT_CLEAN pass (remove unused cells and wires).
Finding unused cells or wires in module $paramod$c6073fd8a5b287029e036048d234daa072bb204f\nanoV_core..
Finding unused cells or wires in module $paramod$c6073fd8a5b287029e036048d234daa072bb204f\nanoV_registers..
Finding unused cells or wires in module $paramod$ce6830bd8bd018e3cc0f9c5605fbb87f31d5ce1b\uart_rx..
Finding unused cells or wires in module $paramod$ce6830bd8bd018e3cc0f9c5605fbb87f31d5ce1b\uart_tx..
Finding unused cells or wires in module $paramod\nanoV_cpu\NUM_REGS=s32'00000000000000000000000000010000..
Finding unused cells or wires in module $paramod\nanoV_mul\A_BITS=s32'00000000000000000000000000010000..
Finding unused cells or wires in module \nanoV_alu..
Finding unused cells or wires in module \nanoV_shift..
Finding unused cells or wires in module \tt_um_WaiMingLee888_nanov..
Removed 71 unused cells and 81 unused wires.
<suppressed ~76 debug messages>

11.8.8. Executing OPT_EXPR pass (perform const folding).
Optimizing module $paramod$c6073fd8a5b287029e036048d234daa072bb204f\nanoV_core.
<suppressed ~1 debug messages>
Optimizing module $paramod$c6073fd8a5b287029e036048d234daa072bb204f\nanoV_registers.
Optimizing module $paramod$ce6830bd8bd018e3cc0f9c5605fbb87f31d5ce1b\uart_rx.
<suppressed ~1 debug messages>
Optimizing module $paramod$ce6830bd8bd018e3cc0f9c5605fbb87f31d5ce1b\uart_tx.
<suppressed ~2 debug messages>
Optimizing module $paramod\nanoV_cpu\NUM_REGS=s32'00000000000000000000000000010000.
<suppressed ~8 debug messages>
Optimizing module $paramod\nanoV_mul\A_BITS=s32'00000000000000000000000000010000.
Optimizing module nanoV_alu.
Optimizing module nanoV_shift.
Optimizing module tt_um_WaiMingLee888_nanov.

11.8.9. Rerunning OPT passes. (Maybe there is more to do..)

11.8.10. Executing OPT_MUXTREE pass (detect dead branches in mux trees).
Running muxtree optimizer on module $paramod$c6073fd8a5b287029e036048d234daa072bb204f\nanoV_core..
  Creating internal representation of mux trees.
  Evaluating internal representation of mux trees.
  Analyzing evaluation results.
Running muxtree optimizer on module $paramod$c6073fd8a5b287029e036048d234daa072bb204f\nanoV_registers..
  Creating internal representation of mux trees.
  Evaluating internal representation of mux trees.
  Analyzing evaluation results.
Running muxtree optimizer on module $paramod$ce6830bd8bd018e3cc0f9c5605fbb87f31d5ce1b\uart_rx..
  Creating internal representation of mux trees.
  Evaluating internal representation of mux trees.
  Analyzing evaluation results.
Running muxtree optimizer on module $paramod$ce6830bd8bd018e3cc0f9c5605fbb87f31d5ce1b\uart_tx..
  Creating internal representation of mux trees.
  Evaluating internal representation of mux trees.
  Analyzing evaluation results.
Running muxtree optimizer on module $paramod\nanoV_cpu\NUM_REGS=s32'00000000000000000000000000010000..
  Creating internal representation of mux trees.
  Evaluating internal representation of mux trees.
  Analyzing evaluation results.
Running muxtree optimizer on module $paramod\nanoV_mul\A_BITS=s32'00000000000000000000000000010000..
  Creating internal representation of mux trees.
  Evaluating internal representation of mux trees.
  Analyzing evaluation results.
Running muxtree optimizer on module \nanoV_alu..
  Creating internal representation of mux trees.
  Evaluating internal representation of mux trees.
  Analyzing evaluation results.
Running muxtree optimizer on module \nanoV_shift..
  Creating internal representation of mux trees.
  Evaluating internal representation of mux trees.
  Analyzing evaluation results.
Running muxtree optimizer on module \tt_um_WaiMingLee888_nanov..
  Creating internal representation of mux trees.
  Evaluating internal representation of mux trees.
  Analyzing evaluation results.
Removed 0 multiplexer ports.
<suppressed ~77 debug messages>

11.8.11. Executing OPT_REDUCE pass (consolidate $*mux and $reduce_* inputs).
  Optimizing cells in module $paramod$c6073fd8a5b287029e036048d234daa072bb204f\nanoV_core.
  Optimizing cells in module $paramod$c6073fd8a5b287029e036048d234daa072bb204f\nanoV_registers.
  Optimizing cells in module $paramod$ce6830bd8bd018e3cc0f9c5605fbb87f31d5ce1b\uart_rx.
  Optimizing cells in module $paramod$ce6830bd8bd018e3cc0f9c5605fbb87f31d5ce1b\uart_tx.
  Optimizing cells in module $paramod\nanoV_cpu\NUM_REGS=s32'00000000000000000000000000010000.
  Optimizing cells in module $paramod\nanoV_mul\A_BITS=s32'00000000000000000000000000010000.
  Optimizing cells in module \nanoV_alu.
  Optimizing cells in module \nanoV_shift.
  Optimizing cells in module \tt_um_WaiMingLee888_nanov.
Performed a total of 0 changes.

11.8.12. Executing OPT_MERGE pass (detect identical cells).
Finding identical cells in module `$paramod$c6073fd8a5b287029e036048d234daa072bb204f\nanoV_core'.
Finding identical cells in module `$paramod$c6073fd8a5b287029e036048d234daa072bb204f\nanoV_registers'.
Finding identical cells in module `$paramod$ce6830bd8bd018e3cc0f9c5605fbb87f31d5ce1b\uart_rx'.
<suppressed ~3 debug messages>
Finding identical cells in module `$paramod$ce6830bd8bd018e3cc0f9c5605fbb87f31d5ce1b\uart_tx'.
Finding identical cells in module `$paramod\nanoV_cpu\NUM_REGS=s32'00000000000000000000000000010000'.
<suppressed ~126 debug messages>
Finding identical cells in module `$paramod\nanoV_mul\A_BITS=s32'00000000000000000000000000010000'.
Finding identical cells in module `\nanoV_alu'.
Finding identical cells in module `\nanoV_shift'.
Finding identical cells in module `\tt_um_WaiMingLee888_nanov'.
Removed a total of 43 cells.

11.8.13. Executing OPT_DFF pass (perform DFF optimizations).

11.8.14. Executing OPT_CLEAN pass (remove unused cells and wires).
Finding unused cells or wires in module $paramod$c6073fd8a5b287029e036048d234daa072bb204f\nanoV_core..
Finding unused cells or wires in module $paramod$c6073fd8a5b287029e036048d234daa072bb204f\nanoV_registers..
Finding unused cells or wires in module $paramod$ce6830bd8bd018e3cc0f9c5605fbb87f31d5ce1b\uart_rx..
Finding unused cells or wires in module $paramod$ce6830bd8bd018e3cc0f9c5605fbb87f31d5ce1b\uart_tx..
Finding unused cells or wires in module $paramod\nanoV_cpu\NUM_REGS=s32'00000000000000000000000000010000..
Finding unused cells or wires in module $paramod\nanoV_mul\A_BITS=s32'00000000000000000000000000010000..
Finding unused cells or wires in module \nanoV_alu..
Finding unused cells or wires in module \nanoV_shift..
Finding unused cells or wires in module \tt_um_WaiMingLee888_nanov..
Removed 0 unused cells and 43 unused wires.
<suppressed ~2 debug messages>

11.8.15. Executing OPT_EXPR pass (perform const folding).
Optimizing module $paramod$c6073fd8a5b287029e036048d234daa072bb204f\nanoV_core.
Optimizing module $paramod$c6073fd8a5b287029e036048d234daa072bb204f\nanoV_registers.
Optimizing module $paramod$ce6830bd8bd018e3cc0f9c5605fbb87f31d5ce1b\uart_rx.
Optimizing module $paramod$ce6830bd8bd018e3cc0f9c5605fbb87f31d5ce1b\uart_tx.
Optimizing module $paramod\nanoV_cpu\NUM_REGS=s32'00000000000000000000000000010000.
Optimizing module $paramod\nanoV_mul\A_BITS=s32'00000000000000000000000000010000.
Optimizing module nanoV_alu.
Optimizing module nanoV_shift.
Optimizing module tt_um_WaiMingLee888_nanov.

11.8.16. Rerunning OPT passes. (Maybe there is more to do..)

11.8.17. Executing OPT_MUXTREE pass (detect dead branches in mux trees).
Running muxtree optimizer on module $paramod$c6073fd8a5b287029e036048d234daa072bb204f\nanoV_core..
  Creating internal representation of mux trees.
  Evaluating internal representation of mux trees.
  Analyzing evaluation results.
Running muxtree optimizer on module $paramod$c6073fd8a5b287029e036048d234daa072bb204f\nanoV_registers..
  Creating internal representation of mux trees.
  Evaluating internal representation of mux trees.
  Analyzing evaluation results.
Running muxtree optimizer on module $paramod$ce6830bd8bd018e3cc0f9c5605fbb87f31d5ce1b\uart_rx..
  Creating internal representation of mux trees.
  Evaluating internal representation of mux trees.
  Analyzing evaluation results.
Running muxtree optimizer on module $paramod$ce6830bd8bd018e3cc0f9c5605fbb87f31d5ce1b\uart_tx..
  Creating internal representation of mux trees.
  Evaluating internal representation of mux trees.
  Analyzing evaluation results.
Running muxtree optimizer on module $paramod\nanoV_cpu\NUM_REGS=s32'00000000000000000000000000010000..
  Creating internal representation of mux trees.
  Evaluating internal representation of mux trees.
  Analyzing evaluation results.
Running muxtree optimizer on module $paramod\nanoV_mul\A_BITS=s32'00000000000000000000000000010000..
  Creating internal representation of mux trees.
  Evaluating internal representation of mux trees.
  Analyzing evaluation results.
Running muxtree optimizer on module \nanoV_alu..
  Creating internal representation of mux trees.
  Evaluating internal representation of mux trees.
  Analyzing evaluation results.
Running muxtree optimizer on module \nanoV_shift..
  Creating internal representation of mux trees.
  Evaluating internal representation of mux trees.
  Analyzing evaluation results.
Running muxtree optimizer on module \tt_um_WaiMingLee888_nanov..
  Creating internal representation of mux trees.
  Evaluating internal representation of mux trees.
  Analyzing evaluation results.
Removed 0 multiplexer ports.
<suppressed ~80 debug messages>

11.8.18. Executing OPT_REDUCE pass (consolidate $*mux and $reduce_* inputs).
  Optimizing cells in module $paramod$c6073fd8a5b287029e036048d234daa072bb204f\nanoV_core.
  Optimizing cells in module $paramod$c6073fd8a5b287029e036048d234daa072bb204f\nanoV_registers.
  Optimizing cells in module $paramod$ce6830bd8bd018e3cc0f9c5605fbb87f31d5ce1b\uart_rx.
  Optimizing cells in module $paramod$ce6830bd8bd018e3cc0f9c5605fbb87f31d5ce1b\uart_tx.
  Optimizing cells in module $paramod\nanoV_cpu\NUM_REGS=s32'00000000000000000000000000010000.
  Optimizing cells in module $paramod\nanoV_mul\A_BITS=s32'00000000000000000000000000010000.
  Optimizing cells in module \nanoV_alu.
  Optimizing cells in module \nanoV_shift.
  Optimizing cells in module \tt_um_WaiMingLee888_nanov.
Performed a total of 0 changes.

11.8.19. Executing OPT_MERGE pass (detect identical cells).
Finding identical cells in module `$paramod$c6073fd8a5b287029e036048d234daa072bb204f\nanoV_core'.
Finding identical cells in module `$paramod$c6073fd8a5b287029e036048d234daa072bb204f\nanoV_registers'.
Finding identical cells in module `$paramod$ce6830bd8bd018e3cc0f9c5605fbb87f31d5ce1b\uart_rx'.
Finding identical cells in module `$paramod$ce6830bd8bd018e3cc0f9c5605fbb87f31d5ce1b\uart_tx'.
Finding identical cells in module `$paramod\nanoV_cpu\NUM_REGS=s32'00000000000000000000000000010000'.
Finding identical cells in module `$paramod\nanoV_mul\A_BITS=s32'00000000000000000000000000010000'.
Finding identical cells in module `\nanoV_alu'.
Finding identical cells in module `\nanoV_shift'.
Finding identical cells in module `\tt_um_WaiMingLee888_nanov'.
Removed a total of 0 cells.

11.8.20. Executing OPT_DFF pass (perform DFF optimizations).

11.8.21. Executing OPT_CLEAN pass (remove unused cells and wires).
Finding unused cells or wires in module $paramod$c6073fd8a5b287029e036048d234daa072bb204f\nanoV_core..
Finding unused cells or wires in module $paramod$c6073fd8a5b287029e036048d234daa072bb204f\nanoV_registers..
Finding unused cells or wires in module $paramod$ce6830bd8bd018e3cc0f9c5605fbb87f31d5ce1b\uart_rx..
Finding unused cells or wires in module $paramod$ce6830bd8bd018e3cc0f9c5605fbb87f31d5ce1b\uart_tx..
Finding unused cells or wires in module $paramod\nanoV_cpu\NUM_REGS=s32'00000000000000000000000000010000..
Finding unused cells or wires in module $paramod\nanoV_mul\A_BITS=s32'00000000000000000000000000010000..
Finding unused cells or wires in module \nanoV_alu..
Finding unused cells or wires in module \nanoV_shift..
Finding unused cells or wires in module \tt_um_WaiMingLee888_nanov..

11.8.22. Executing OPT_EXPR pass (perform const folding).
Optimizing module $paramod$c6073fd8a5b287029e036048d234daa072bb204f\nanoV_core.
Optimizing module $paramod$c6073fd8a5b287029e036048d234daa072bb204f\nanoV_registers.
Optimizing module $paramod$ce6830bd8bd018e3cc0f9c5605fbb87f31d5ce1b\uart_rx.
Optimizing module $paramod$ce6830bd8bd018e3cc0f9c5605fbb87f31d5ce1b\uart_tx.
Optimizing module $paramod\nanoV_cpu\NUM_REGS=s32'00000000000000000000000000010000.
Optimizing module $paramod\nanoV_mul\A_BITS=s32'00000000000000000000000000010000.
Optimizing module nanoV_alu.
Optimizing module nanoV_shift.
Optimizing module tt_um_WaiMingLee888_nanov.

11.8.23. Finished OPT passes. (There is nothing left to do.)

11.9. Executing WREDUCE pass (reducing word size of cells).
Removed top 2 bits (of 5) from port B of cell $paramod$c6073fd8a5b287029e036048d234daa072bb204f\nanoV_core.$eq$src/nanoV/core.v:30$772 ($eq).
Removed top 30 bits (of 32) from mux cell $paramod$c6073fd8a5b287029e036048d234daa072bb204f\nanoV_core.$ternary$src/nanoV/core.v:52$790 ($mux).
Removed top 30 bits (of 32) from port B of cell $paramod$c6073fd8a5b287029e036048d234daa072bb204f\nanoV_core.$eq$src/nanoV/core.v:52$791 ($eq).
Removed top 3 bits (of 5) from port B of cell $paramod$c6073fd8a5b287029e036048d234daa072bb204f\nanoV_core.$eq$src/nanoV/core.v:65$816 ($eq).
Removed top 1 bits (of 2) from port B of cell $paramod$c6073fd8a5b287029e036048d234daa072bb204f\nanoV_core.$eq$src/nanoV/core.v:75$839 ($eq).
Removed top 29 bits (of 32) from port B of cell $paramod$c6073fd8a5b287029e036048d234daa072bb204f\nanoV_core.$lt$src/nanoV/core.v:89$846 ($lt).
Removed top 1 bits (of 2) from port B of cell $paramod$c6073fd8a5b287029e036048d234daa072bb204f\nanoV_core.$eq$src/nanoV/core.v:104$859 ($eq).
Removed top 2 bits (of 3) from port B of cell $paramod$c6073fd8a5b287029e036048d234daa072bb204f\nanoV_core.$eq$src/nanoV/core.v:110$879 ($eq).
Removed top 27 bits (of 32) from port B of cell $paramod$c6073fd8a5b287029e036048d234daa072bb204f\nanoV_core.$lt$src/nanoV/core.v:126$901 ($lt).
Removed top 30 bits (of 32) from port B of cell $paramod$c6073fd8a5b287029e036048d234daa072bb204f\nanoV_core.$lt$src/nanoV/core.v:126$903 ($lt).
Removed top 30 bits (of 32) from wire $paramod$c6073fd8a5b287029e036048d234daa072bb204f\nanoV_core.$ternary$src/nanoV/core.v:52$790_Y.
Removed top 30 bits (of 32) from mux cell $paramod$c6073fd8a5b287029e036048d234daa072bb204f\nanoV_registers.$procmux$998 ($pmux).
Removed top 3 bits (of 4) from port B of cell $paramod$c6073fd8a5b287029e036048d234daa072bb204f\nanoV_registers.$procmux$1030_CMP0 ($eq).
Removed top 2 bits (of 4) from port B of cell $paramod$c6073fd8a5b287029e036048d234daa072bb204f\nanoV_registers.$procmux$1029_CMP0 ($eq).
Removed top 2 bits (of 4) from port B of cell $paramod$c6073fd8a5b287029e036048d234daa072bb204f\nanoV_registers.$procmux$1028_CMP0 ($eq).
Removed top 1 bits (of 4) from port B of cell $paramod$c6073fd8a5b287029e036048d234daa072bb204f\nanoV_registers.$procmux$1027_CMP0 ($eq).
Removed top 1 bits (of 4) from port B of cell $paramod$c6073fd8a5b287029e036048d234daa072bb204f\nanoV_registers.$procmux$1026_CMP0 ($eq).
Removed top 1 bits (of 4) from port B of cell $paramod$c6073fd8a5b287029e036048d234daa072bb204f\nanoV_registers.$procmux$1025_CMP0 ($eq).
Removed top 1 bits (of 4) from port B of cell $paramod$c6073fd8a5b287029e036048d234daa072bb204f\nanoV_registers.$procmux$1024_CMP0 ($eq).
Removed top 30 bits (of 32) from mux cell $paramod$c6073fd8a5b287029e036048d234daa072bb204f\nanoV_registers.$procmux$1015 ($pmux).
Removed top 3 bits (of 4) from port B of cell $paramod$c6073fd8a5b287029e036048d234daa072bb204f\nanoV_registers.$procmux$1013_CMP0 ($eq).
Removed top 2 bits (of 4) from port B of cell $paramod$c6073fd8a5b287029e036048d234daa072bb204f\nanoV_registers.$procmux$1012_CMP0 ($eq).
Removed top 2 bits (of 4) from port B of cell $paramod$c6073fd8a5b287029e036048d234daa072bb204f\nanoV_registers.$procmux$1011_CMP0 ($eq).
Removed top 1 bits (of 4) from port B of cell $paramod$c6073fd8a5b287029e036048d234daa072bb204f\nanoV_registers.$procmux$1010_CMP0 ($eq).
Removed top 1 bits (of 4) from port B of cell $paramod$c6073fd8a5b287029e036048d234daa072bb204f\nanoV_registers.$procmux$1009_CMP0 ($eq).
Removed top 1 bits (of 4) from port B of cell $paramod$c6073fd8a5b287029e036048d234daa072bb204f\nanoV_registers.$procmux$1008_CMP0 ($eq).
Removed top 1 bits (of 4) from port B of cell $paramod$c6073fd8a5b287029e036048d234daa072bb204f\nanoV_registers.$procmux$1007_CMP0 ($eq).
Removed top 2 bits (of 4) from port B of cell $paramod$c6073fd8a5b287029e036048d234daa072bb204f\nanoV_registers.$ne$src/nanoV/register.v:40$913 ($ne).
Removed top 1 bits (of 4) from port B of cell $paramod$c6073fd8a5b287029e036048d234daa072bb204f\nanoV_registers.$ne$src/nanoV/register.v:40$915 ($ne).
Removed top 3 bits (of 4) from port B of cell $paramod$c6073fd8a5b287029e036048d234daa072bb204f\nanoV_registers.$eq$src/nanoV/register.v:124$925 ($eq).
Removed top 2 bits (of 4) from port B of cell $paramod$c6073fd8a5b287029e036048d234daa072bb204f\nanoV_registers.$eq$src/nanoV/register.v:124$930 ($eq).
Removed top 1 bits (of 4) from port B of cell $paramod$c6073fd8a5b287029e036048d234daa072bb204f\nanoV_registers.$eq$src/nanoV/register.v:124$935 ($eq).
Removed top 1 bits (of 4) from port B of cell $paramod$c6073fd8a5b287029e036048d234daa072bb204f\nanoV_registers.$eq$src/nanoV/register.v:124$940 ($eq).
Removed top 1 bits (of 4) from port B of cell $paramod$c6073fd8a5b287029e036048d234daa072bb204f\nanoV_registers.$eq$src/nanoV/register.v:124$945 ($eq).
Removed top 1 bits (of 5) from port B of cell $paramod$c6073fd8a5b287029e036048d234daa072bb204f\nanoV_registers.$eq$src/nanoV/register.v:119$996 ($eq).
Removed top 30 bits (of 32) from wire $paramod$c6073fd8a5b287029e036048d234daa072bb204f\nanoV_registers.$0$mem2reg_rd$\reg_access$src/nanoV/register.v:142$909_DATA[31:0]$990.
Removed top 30 bits (of 32) from wire $paramod$c6073fd8a5b287029e036048d234daa072bb204f\nanoV_registers.$0$mem2reg_rd$\reg_access$src/nanoV/register.v:143$910_DATA[31:0]$993.
Removed top 30 bits (of 32) from wire $paramod$c6073fd8a5b287029e036048d234daa072bb204f\nanoV_registers.reg_access[3].
Removed top 1 bits (of 8) from port B of cell $paramod$ce6830bd8bd018e3cc0f9c5605fbb87f31d5ce1b\uart_rx.$eq$src/nanoV/uart/uart_rx.v:98$532 ($eq).
Removed top 30 bits (of 32) from port B of cell $paramod$ce6830bd8bd018e3cc0f9c5605fbb87f31d5ce1b\uart_rx.$ge$src/nanoV/uart/uart_rx.v:126$536 ($ge).
Removed top 28 bits (of 32) from port B of cell $paramod$ce6830bd8bd018e3cc0f9c5605fbb87f31d5ce1b\uart_rx.$lt$src/nanoV/uart/uart_rx.v:126$537 ($lt).
Removed top 31 bits (of 32) from mux cell $paramod$ce6830bd8bd018e3cc0f9c5605fbb87f31d5ce1b\uart_rx.$ternary$src/nanoV/uart/uart_rx.v:104$554 ($mux).
Removed top 28 bits (of 32) from mux cell $paramod$ce6830bd8bd018e3cc0f9c5605fbb87f31d5ce1b\uart_rx.$ternary$src/nanoV/uart/uart_rx.v:107$555 ($mux).
Removed top 28 bits (of 32) from mux cell $paramod$ce6830bd8bd018e3cc0f9c5605fbb87f31d5ce1b\uart_rx.$ternary$src/nanoV/uart/uart_rx.v:107$556 ($mux).
Removed top 28 bits (of 32) from mux cell $paramod$ce6830bd8bd018e3cc0f9c5605fbb87f31d5ce1b\uart_rx.$ternary$src/nanoV/uart/uart_rx.v:109$557 ($mux).
Removed top 31 bits (of 32) from port B of cell $paramod$ce6830bd8bd018e3cc0f9c5605fbb87f31d5ce1b\uart_rx.$add$src/nanoV/uart/uart_rx.v:111$558 ($add).
Removed top 27 bits (of 32) from port Y of cell $paramod$ce6830bd8bd018e3cc0f9c5605fbb87f31d5ce1b\uart_rx.$add$src/nanoV/uart/uart_rx.v:111$558 ($add).
Removed top 28 bits (of 32) from mux cell $paramod$ce6830bd8bd018e3cc0f9c5605fbb87f31d5ce1b\uart_rx.$ternary$src/nanoV/uart/uart_rx.v:111$560 ($mux).
Removed top 31 bits (of 32) from port B of cell $paramod$ce6830bd8bd018e3cc0f9c5605fbb87f31d5ce1b\uart_rx.$gt$src/nanoV/uart/uart_rx.v:170$563 ($gt).
Removed top 1 bits (of 5) from port Y of cell $paramod$ce6830bd8bd018e3cc0f9c5605fbb87f31d5ce1b\uart_rx.$add$src/nanoV/uart/uart_rx.v:111$558 ($add).
Removed top 28 bits (of 32) from wire $paramod$ce6830bd8bd018e3cc0f9c5605fbb87f31d5ce1b\uart_rx.$add$src/nanoV/uart/uart_rx.v:111$558_Y.
Removed top 31 bits (of 32) from wire $paramod$ce6830bd8bd018e3cc0f9c5605fbb87f31d5ce1b\uart_rx.$ternary$src/nanoV/uart/uart_rx.v:104$554_Y.
Removed top 28 bits (of 32) from wire $paramod$ce6830bd8bd018e3cc0f9c5605fbb87f31d5ce1b\uart_rx.$ternary$src/nanoV/uart/uart_rx.v:107$555_Y.
Removed top 28 bits (of 32) from wire $paramod$ce6830bd8bd018e3cc0f9c5605fbb87f31d5ce1b\uart_rx.$ternary$src/nanoV/uart/uart_rx.v:107$556_Y.
Removed top 28 bits (of 32) from wire $paramod$ce6830bd8bd018e3cc0f9c5605fbb87f31d5ce1b\uart_rx.$ternary$src/nanoV/uart/uart_rx.v:111$560_Y.
Removed top 3 bits (of 4) from mux cell $paramod$ce6830bd8bd018e3cc0f9c5605fbb87f31d5ce1b\uart_tx.$procmux$1561 ($mux).
Removed top 30 bits (of 32) from port B of cell $paramod$ce6830bd8bd018e3cc0f9c5605fbb87f31d5ce1b\uart_tx.$ge$src/nanoV/uart/uart_tx.v:118$573 ($ge).
Removed top 28 bits (of 32) from port B of cell $paramod$ce6830bd8bd018e3cc0f9c5605fbb87f31d5ce1b\uart_tx.$lt$src/nanoV/uart/uart_tx.v:118$574 ($lt).
Removed top 31 bits (of 32) from port B of cell $paramod$ce6830bd8bd018e3cc0f9c5605fbb87f31d5ce1b\uart_tx.$add$src/nanoV/uart/uart_tx.v:100$593 ($add).
Removed top 28 bits (of 32) from port Y of cell $paramod$ce6830bd8bd018e3cc0f9c5605fbb87f31d5ce1b\uart_tx.$add$src/nanoV/uart/uart_tx.v:100$593 ($add).
Removed top 3 bits (of 4) from port B of cell $paramod$ce6830bd8bd018e3cc0f9c5605fbb87f31d5ce1b\uart_tx.$eq$src/nanoV/uart/uart_tx.v:153$596 ($eq).
Removed top 3 bits (of 4) from wire $paramod$ce6830bd8bd018e3cc0f9c5605fbb87f31d5ce1b\uart_tx.$3\next_fsm_state$func$src/nanoV/uart/uart_tx.v:143$566.$result[3:0]$589.
Removed top 28 bits (of 32) from wire $paramod$ce6830bd8bd018e3cc0f9c5605fbb87f31d5ce1b\uart_tx.$add$src/nanoV/uart/uart_tx.v:100$593_Y.
Removed top 1 bits (of 4) from wire $paramod$ce6830bd8bd018e3cc0f9c5605fbb87f31d5ce1b\uart_tx.fsm_state.
Removed top 4 bits (of 5) from port B of cell $paramod\nanoV_cpu\NUM_REGS=s32'00000000000000000000000000010000.$auto$opt_dff.cc:195:make_patterns_logic$1999 ($ne).
Removed top 1 bits (of 5) from port B of cell $paramod\nanoV_cpu\NUM_REGS=s32'00000000000000000000000000010000.$auto$opt_dff.cc:195:make_patterns_logic$1997 ($ne).
Removed top 2 bits (of 3) from port B of cell $paramod\nanoV_cpu\NUM_REGS=s32'00000000000000000000000000010000.$auto$opt_dff.cc:195:make_patterns_logic$1873 ($ne).
Removed top 1 bits (of 9) from port B of cell $paramod\nanoV_cpu\NUM_REGS=s32'00000000000000000000000000010000.$auto$opt_dff.cc:195:make_patterns_logic$1889 ($ne).
Removed top 1 bits (of 3) from mux cell $paramod\nanoV_cpu\NUM_REGS=s32'00000000000000000000000000010000.$procmux$1438 ($mux).
Removed top 1 bits (of 4) from port B of cell $paramod\nanoV_cpu\NUM_REGS=s32'00000000000000000000000000010000.$auto$opt_dff.cc:195:make_patterns_logic$1833 ($ne).
Removed top 27 bits (of 32) from port A of cell $paramod\nanoV_cpu\NUM_REGS=s32'00000000000000000000000000010000.$add$src/nanoV/cpu.v:24$601 ($add).
Removed top 31 bits (of 32) from port B of cell $paramod\nanoV_cpu\NUM_REGS=s32'00000000000000000000000000010000.$add$src/nanoV/cpu.v:24$601 ($add).
Removed top 26 bits (of 32) from port Y of cell $paramod\nanoV_cpu\NUM_REGS=s32'00000000000000000000000000010000.$add$src/nanoV/cpu.v:24$601 ($add).
Removed top 2 bits (of 5) from port B of cell $paramod\nanoV_cpu\NUM_REGS=s32'00000000000000000000000000010000.$ne$src/nanoV/cpu.v:41$607 ($ne).
Removed top 2 bits (of 5) from port B of cell $paramod\nanoV_cpu\NUM_REGS=s32'00000000000000000000000000010000.$eq$src/nanoV/cpu.v:42$609 ($eq).
Removed top 2 bits (of 3) from port B of cell $paramod\nanoV_cpu\NUM_REGS=s32'00000000000000000000000000010000.$add$src/nanoV/cpu.v:50$620 ($add).
Removed top 2 bits (of 3) from port B of cell $paramod\nanoV_cpu\NUM_REGS=s32'00000000000000000000000000010000.$eq$src/nanoV/cpu.v:51$621 ($eq).
Removed top 29 bits (of 32) from mux cell $paramod\nanoV_cpu\NUM_REGS=s32'00000000000000000000000000010000.$ternary$src/nanoV/cpu.v:51$627 ($mux).
Removed top 29 bits (of 32) from mux cell $paramod\nanoV_cpu\NUM_REGS=s32'00000000000000000000000000010000.$ternary$src/nanoV/cpu.v:52$632 ($mux).
Removed top 2 bits (of 5) from port B of cell $paramod\nanoV_cpu\NUM_REGS=s32'00000000000000000000000000010000.$ne$src/nanoV/cpu.v:35$649 ($ne).
Removed top 1 bits (of 2) from port B of cell $paramod\nanoV_cpu\NUM_REGS=s32'00000000000000000000000000010000.$eq$src/nanoV/cpu.v:36$658 ($eq).
Removed top 2 bits (of 5) from port B of cell $paramod\nanoV_cpu\NUM_REGS=s32'00000000000000000000000000010000.$eq$src/nanoV/cpu.v:69$665 ($eq).
Removed top 31 bits (of 32) from mux cell $paramod\nanoV_cpu\NUM_REGS=s32'00000000000000000000000000010000.$ternary$src/nanoV/cpu.v:70$671 ($mux).
Removed top 31 bits (of 32) from port B of cell $paramod\nanoV_cpu\NUM_REGS=s32'00000000000000000000000000010000.$eq$src/nanoV/cpu.v:70$672 ($eq).
Removed top 30 bits (of 32) from mux cell $paramod\nanoV_cpu\NUM_REGS=s32'00000000000000000000000000010000.$ternary$src/nanoV/cpu.v:71$676 ($mux).
Removed top 30 bits (of 32) from port B of cell $paramod\nanoV_cpu\NUM_REGS=s32'00000000000000000000000000010000.$eq$src/nanoV/cpu.v:71$677 ($eq).
Removed top 2 bits (of 3) from port B of cell $paramod\nanoV_cpu\NUM_REGS=s32'00000000000000000000000000010000.$eq$src/nanoV/cpu.v:72$681 ($eq).
Removed top 27 bits (of 32) from port B of cell $paramod\nanoV_cpu\NUM_REGS=s32'00000000000000000000000000010000.$lt$src/nanoV/cpu.v:120$695 ($lt).
Removed top 29 bits (of 32) from port B of cell $paramod\nanoV_cpu\NUM_REGS=s32'00000000000000000000000000010000.$add$src/nanoV/cpu.v:124$710 ($add).
Removed top 9 bits (of 32) from port Y of cell $paramod\nanoV_cpu\NUM_REGS=s32'00000000000000000000000000010000.$add$src/nanoV/cpu.v:124$710 ($add).
Removed top 10 bits (of 32) from mux cell $paramod\nanoV_cpu\NUM_REGS=s32'00000000000000000000000000010000.$ternary$src/nanoV/cpu.v:124$712 ($mux).
Removed top 27 bits (of 32) from port B of cell $paramod\nanoV_cpu\NUM_REGS=s32'00000000000000000000000000010000.$lt$src/nanoV/cpu.v:130$713 ($lt).
Removed top 1 bits (of 3) from port B of cell $paramod\nanoV_cpu\NUM_REGS=s32'00000000000000000000000000010000.$eq$src/nanoV/cpu.v:190$731 ($eq).
Removed top 2 bits (of 5) from port B of cell $paramod\nanoV_cpu\NUM_REGS=s32'00000000000000000000000000010000.$eq$src/nanoV/cpu.v:193$733 ($eq).
Removed top 31 bits (of 32) from port B of cell $paramod\nanoV_cpu\NUM_REGS=s32'00000000000000000000000000010000.$add$src/nanoV/cpu.v:208$736 ($add).
Removed top 28 bits (of 32) from port Y of cell $paramod\nanoV_cpu\NUM_REGS=s32'00000000000000000000000000010000.$add$src/nanoV/cpu.v:208$736 ($add).
Removed top 28 bits (of 32) from port A of cell $paramod\nanoV_cpu\NUM_REGS=s32'00000000000000000000000000010000.$eq$src/nanoV/cpu.v:208$737 ($eq).
Removed top 28 bits (of 32) from port B of cell $paramod\nanoV_cpu\NUM_REGS=s32'00000000000000000000000000010000.$gt$src/nanoV/cpu.v:223$745 ($gt).
Removed top 31 bits (of 32) from mux cell $paramod\nanoV_cpu\NUM_REGS=s32'00000000000000000000000000010000.$ternary$src/nanoV/cpu.v:237$755 ($mux).
Removed top 31 bits (of 32) from mux cell $paramod\nanoV_cpu\NUM_REGS=s32'00000000000000000000000000010000.$ternary$src/nanoV/cpu.v:236$757 ($mux).
Removed top 31 bits (of 32) from mux cell $paramod\nanoV_cpu\NUM_REGS=s32'00000000000000000000000000010000.$ternary$src/nanoV/cpu.v:235$759 ($mux).
Removed top 1 bits (of 8) from port B of cell $paramod\nanoV_cpu\NUM_REGS=s32'00000000000000000000000000010000.$auto$opt_dff.cc:195:make_patterns_logic$1865 ($ne).
Removed top 1 bits (of 2) from port B of cell $paramod\nanoV_cpu\NUM_REGS=s32'00000000000000000000000000010000.$auto$opt_dff.cc:195:make_patterns_logic$1965 ($ne).
Removed top 2 bits (of 3) from port B of cell $paramod\nanoV_cpu\NUM_REGS=s32'00000000000000000000000000010000.$auto$opt_dff.cc:195:make_patterns_logic$1835 ($ne).
Removed top 1 bits (of 23) from port Y of cell $paramod\nanoV_cpu\NUM_REGS=s32'00000000000000000000000000010000.$add$src/nanoV/cpu.v:124$710 ($add).
Removed top 1 bits (of 3) from wire $paramod\nanoV_cpu\NUM_REGS=s32'00000000000000000000000000010000.$6\cycles_for_instr$func$src/nanoV/cpu.v:64$600.$result[2:0]$661.
Removed top 10 bits (of 32) from wire $paramod\nanoV_cpu\NUM_REGS=s32'00000000000000000000000000010000.$add$src/nanoV/cpu.v:124$710_Y.
Removed top 31 bits (of 32) from wire $paramod\nanoV_cpu\NUM_REGS=s32'00000000000000000000000000010000.$ternary$src/nanoV/cpu.v:236$757_Y.
Removed top 31 bits (of 32) from wire $paramod\nanoV_cpu\NUM_REGS=s32'00000000000000000000000000010000.$ternary$src/nanoV/cpu.v:237$755_Y.
Removed top 31 bits (of 32) from wire $paramod\nanoV_cpu\NUM_REGS=s32'00000000000000000000000000010000.$ternary$src/nanoV/cpu.v:70$671_Y.
Removed top 30 bits (of 32) from wire $paramod\nanoV_cpu\NUM_REGS=s32'00000000000000000000000000010000.$ternary$src/nanoV/cpu.v:71$676_Y.
Removed top 1 bits (of 17) from port A of cell $paramod\nanoV_mul\A_BITS=s32'00000000000000000000000000010000.$add$src/nanoV/multiply.v:31$905 ($add).
Removed top 1 bits (of 17) from port B of cell $paramod\nanoV_mul\A_BITS=s32'00000000000000000000000000010000.$add$src/nanoV/multiply.v:31$905 ($add).
Removed top 1 bits (of 16) from mux cell $paramod\nanoV_mul\A_BITS=s32'00000000000000000000000000010000.$ternary$src/nanoV/multiply.v:34$907 ($mux).
Removed top 1 bits (of 16) from wire $paramod\nanoV_mul\A_BITS=s32'00000000000000000000000000010000.$0\accum[15:0].
Removed top 3 bits (of 17) from wire $paramod\nanoV_mul\A_BITS=s32'00000000000000000000000000010000.next_accum.
Removed top 1 bits (of 2) from port A of cell nanoV_alu.$add$src/nanoV/alu.v:25$36 ($add).
Removed top 1 bits (of 2) from port B of cell nanoV_alu.$add$src/nanoV/alu.v:25$36 ($add).
Removed top 1 bits (of 2) from wire nanoV_alu.b_for_add.
Removed top 1 bits (of 6) from port A of cell nanoV_shift.$add$src/nanoV/shift.v:22$447 ($add).
Removed top 5 bits (of 6) from port B of cell nanoV_shift.$add$src/nanoV/shift.v:22$448 ($add).
Removed top 3 bits (of 32) from port B of cell tt_um_WaiMingLee888_nanov.$eq$src/tt_top.v:97$10 ($eq).
Removed top 3 bits (of 32) from port B of cell tt_um_WaiMingLee888_nanov.$eq$src/tt_top.v:98$11 ($eq).
Removed top 3 bits (of 32) from port B of cell tt_um_WaiMingLee888_nanov.$eq$src/tt_top.v:99$12 ($eq).
Removed top 3 bits (of 32) from port B of cell tt_um_WaiMingLee888_nanov.$eq$src/tt_top.v:100$13 ($eq).
Removed top 30 bits (of 32) from mux cell tt_um_WaiMingLee888_nanov.$ternary$src/tt_top.v:114$20 ($mux).
Removed top 24 bits (of 32) from mux cell tt_um_WaiMingLee888_nanov.$ternary$src/tt_top.v:113$22 ($mux).
Removed top 24 bits (of 32) from mux cell tt_um_WaiMingLee888_nanov.$ternary$src/tt_top.v:112$24 ($mux).
Removed top 24 bits (of 32) from mux cell tt_um_WaiMingLee888_nanov.$ternary$src/tt_top.v:111$26 ($mux).
Removed top 1 bits (of 2) from port B of cell tt_um_WaiMingLee888_nanov.$auto$fsm_map.cc:77:implement_pattern_cache$1766 ($eq).
Removed top 4 bits (of 6) from port B of cell tt_um_WaiMingLee888_nanov.$auto$fsm_map.cc:77:implement_pattern_cache$1742 ($eq).
Removed top 24 bits (of 32) from wire tt_um_WaiMingLee888_nanov.$ternary$src/tt_top.v:111$26_Y.
Removed top 24 bits (of 32) from wire tt_um_WaiMingLee888_nanov.$ternary$src/tt_top.v:112$24_Y.
Removed top 24 bits (of 32) from wire tt_um_WaiMingLee888_nanov.$ternary$src/tt_top.v:113$22_Y.
Removed top 30 bits (of 32) from wire tt_um_WaiMingLee888_nanov.$ternary$src/tt_top.v:114$20_Y.
Removed top 24 bits (of 32) from wire tt_um_WaiMingLee888_nanov.data_in.

11.10. Executing PEEPOPT pass (run peephole optimizers).

11.11. Executing OPT_CLEAN pass (remove unused cells and wires).
Finding unused cells or wires in module $paramod$c6073fd8a5b287029e036048d234daa072bb204f\nanoV_core..
Finding unused cells or wires in module $paramod$c6073fd8a5b287029e036048d234daa072bb204f\nanoV_registers..
Finding unused cells or wires in module $paramod$ce6830bd8bd018e3cc0f9c5605fbb87f31d5ce1b\uart_rx..
Finding unused cells or wires in module $paramod$ce6830bd8bd018e3cc0f9c5605fbb87f31d5ce1b\uart_tx..
Finding unused cells or wires in module $paramod\nanoV_cpu\NUM_REGS=s32'00000000000000000000000000010000..
Finding unused cells or wires in module $paramod\nanoV_mul\A_BITS=s32'00000000000000000000000000010000..
Finding unused cells or wires in module \nanoV_alu..
Finding unused cells or wires in module \nanoV_shift..
Finding unused cells or wires in module \tt_um_WaiMingLee888_nanov..
Removed 0 unused cells and 30 unused wires.
<suppressed ~8 debug messages>

11.12. Executing ALUMACC pass (create $alu and $macc cells).
Extracting $alu and $macc cells in module $paramod$c6073fd8a5b287029e036048d234daa072bb204f\nanoV_core:
  creating $alu model for $lt$src/nanoV/core.v:126$901 ($lt): new $alu
  creating $alu model for $lt$src/nanoV/core.v:126$903 ($lt): new $alu
  creating $alu model for $lt$src/nanoV/core.v:89$846 ($lt): new $alu
  creating $alu cell for $lt$src/nanoV/core.v:89$846: $auto$alumacc.cc:485:replace_alu$2038
  creating $alu cell for $lt$src/nanoV/core.v:126$903: $auto$alumacc.cc:485:replace_alu$2049
  creating $alu cell for $lt$src/nanoV/core.v:126$901: $auto$alumacc.cc:485:replace_alu$2060
  created 3 $alu and 0 $macc cells.
Extracting $alu and $macc cells in module $paramod$c6073fd8a5b287029e036048d234daa072bb204f\nanoV_registers:
  created 0 $alu and 0 $macc cells.
Extracting $alu and $macc cells in module $paramod$ce6830bd8bd018e3cc0f9c5605fbb87f31d5ce1b\uart_rx:
  creating $macc model for $add$src/nanoV/uart/uart_rx.v:111$558 ($add).
  creating $macc model for $add$src/nanoV/uart/uart_rx.v:150$548 ($add).
  creating $alu model for $macc $add$src/nanoV/uart/uart_rx.v:150$548.
  creating $alu model for $macc $add$src/nanoV/uart/uart_rx.v:111$558.
  creating $alu model for $ge$src/nanoV/uart/uart_rx.v:126$536 ($ge): new $alu
  creating $alu model for $gt$src/nanoV/uart/uart_rx.v:170$563 ($gt): new $alu
  creating $alu model for $lt$src/nanoV/uart/uart_rx.v:126$537 ($lt): new $alu
  creating $alu model for $procmux$1608_CMP0 ($eq): merged with $lt$src/nanoV/uart/uart_rx.v:126$537.
  creating $alu cell for $lt$src/nanoV/uart/uart_rx.v:126$537, $procmux$1608_CMP0: $auto$alumacc.cc:485:replace_alu$2074
  creating $alu cell for $ge$src/nanoV/uart/uart_rx.v:126$536: $auto$alumacc.cc:485:replace_alu$2081
  creating $alu cell for $gt$src/nanoV/uart/uart_rx.v:170$563: $auto$alumacc.cc:485:replace_alu$2090
  creating $alu cell for $add$src/nanoV/uart/uart_rx.v:111$558: $auto$alumacc.cc:485:replace_alu$2095
  creating $alu cell for $add$src/nanoV/uart/uart_rx.v:150$548: $auto$alumacc.cc:485:replace_alu$2098
  created 5 $alu and 0 $macc cells.
Extracting $alu and $macc cells in module $paramod$ce6830bd8bd018e3cc0f9c5605fbb87f31d5ce1b\uart_tx:
  creating $macc model for $add$src/nanoV/uart/uart_tx.v:100$593 ($add).
  creating $macc model for $add$src/nanoV/uart/uart_tx.v:132$580 ($add).
  creating $alu model for $macc $add$src/nanoV/uart/uart_tx.v:132$580.
  creating $alu model for $macc $add$src/nanoV/uart/uart_tx.v:100$593.
  creating $alu model for $ge$src/nanoV/uart/uart_tx.v:118$573 ($ge): new $alu
  creating $alu model for $lt$src/nanoV/uart/uart_tx.v:118$574 ($lt): new $alu
  creating $alu model for $eq$src/nanoV/uart/uart_tx.v:99$591 ($eq): merged with $lt$src/nanoV/uart/uart_tx.v:118$574.
  creating $alu cell for $lt$src/nanoV/uart/uart_tx.v:118$574, $eq$src/nanoV/uart/uart_tx.v:99$591: $auto$alumacc.cc:485:replace_alu$2103
  creating $alu cell for $ge$src/nanoV/uart/uart_tx.v:118$573: $auto$alumacc.cc:485:replace_alu$2114
  creating $alu cell for $add$src/nanoV/uart/uart_tx.v:100$593: $auto$alumacc.cc:485:replace_alu$2123
  creating $alu cell for $add$src/nanoV/uart/uart_tx.v:132$580: $auto$alumacc.cc:485:replace_alu$2126
  created 4 $alu and 0 $macc cells.
Extracting $alu and $macc cells in module $paramod\nanoV_cpu\NUM_REGS=s32'00000000000000000000000000010000:
  creating $macc model for $add$src/nanoV/cpu.v:124$710 ($add).
  creating $macc model for $add$src/nanoV/cpu.v:208$736 ($add).
  creating $macc model for $add$src/nanoV/cpu.v:24$601 ($add).
  creating $macc model for $add$src/nanoV/cpu.v:50$620 ($add).
  creating $alu model for $macc $add$src/nanoV/cpu.v:50$620.
  creating $alu model for $macc $add$src/nanoV/cpu.v:24$601.
  creating $alu model for $macc $add$src/nanoV/cpu.v:208$736.
  creating $alu model for $macc $add$src/nanoV/cpu.v:124$710.
  creating $alu model for $gt$src/nanoV/cpu.v:223$745 ($gt): new $alu
  creating $alu model for $lt$src/nanoV/cpu.v:120$695 ($lt): new $alu
  creating $alu model for $lt$src/nanoV/cpu.v:130$713 ($lt): new $alu
  creating $alu cell for $lt$src/nanoV/cpu.v:130$713: $auto$alumacc.cc:485:replace_alu$2132
  creating $alu cell for $lt$src/nanoV/cpu.v:120$695: $auto$alumacc.cc:485:replace_alu$2143
  creating $alu cell for $gt$src/nanoV/cpu.v:223$745: $auto$alumacc.cc:485:replace_alu$2154
  creating $alu cell for $add$src/nanoV/cpu.v:124$710: $auto$alumacc.cc:485:replace_alu$2159
  creating $alu cell for $add$src/nanoV/cpu.v:208$736: $auto$alumacc.cc:485:replace_alu$2162
  creating $alu cell for $add$src/nanoV/cpu.v:24$601: $auto$alumacc.cc:485:replace_alu$2165
  creating $alu cell for $add$src/nanoV/cpu.v:50$620: $auto$alumacc.cc:485:replace_alu$2168
  created 7 $alu and 0 $macc cells.
Extracting $alu and $macc cells in module $paramod\nanoV_mul\A_BITS=s32'00000000000000000000000000010000:
  creating $macc model for $add$src/nanoV/multiply.v:31$905 ($add).
  creating $alu model for $macc $add$src/nanoV/multiply.v:31$905.
  creating $alu cell for $add$src/nanoV/multiply.v:31$905: $auto$alumacc.cc:485:replace_alu$2171
  created 1 $alu and 0 $macc cells.
Extracting $alu and $macc cells in module nanoV_alu:
  creating $macc model for $add$src/nanoV/alu.v:25$36 ($add).
  creating $macc model for $add$src/nanoV/alu.v:25$37 ($add).
  merging $macc model for $add$src/nanoV/alu.v:25$36 into $add$src/nanoV/alu.v:25$37.
  creating $alu model for $macc $add$src/nanoV/alu.v:25$37.
  creating $alu cell for $add$src/nanoV/alu.v:25$37: $auto$alumacc.cc:485:replace_alu$2174
  created 1 $alu and 0 $macc cells.
Extracting $alu and $macc cells in module nanoV_shift:
  creating $macc model for $add$src/nanoV/shift.v:22$447 ($add).
  creating $macc model for $add$src/nanoV/shift.v:22$448 ($add).
  merging $macc model for $add$src/nanoV/shift.v:22$447 into $add$src/nanoV/shift.v:22$448.
  creating $alu model for $macc $add$src/nanoV/shift.v:22$448.
  creating $alu cell for $add$src/nanoV/shift.v:22$448: $auto$alumacc.cc:485:replace_alu$2177
  created 1 $alu and 0 $macc cells.
Extracting $alu and $macc cells in module tt_um_WaiMingLee888_nanov:
  created 0 $alu and 0 $macc cells.

11.13. Executing SHARE pass (SAT-based resource sharing).

11.14. Executing OPT pass (performing simple optimizations).

11.14.1. Executing OPT_EXPR pass (perform const folding).
Optimizing module $paramod$c6073fd8a5b287029e036048d234daa072bb204f\nanoV_core.
Optimizing module $paramod$c6073fd8a5b287029e036048d234daa072bb204f\nanoV_registers.
Optimizing module $paramod$ce6830bd8bd018e3cc0f9c5605fbb87f31d5ce1b\uart_rx.
Optimizing module $paramod$ce6830bd8bd018e3cc0f9c5605fbb87f31d5ce1b\uart_tx.
Optimizing module $paramod\nanoV_cpu\NUM_REGS=s32'00000000000000000000000000010000.
<suppressed ~1 debug messages>
Optimizing module $paramod\nanoV_mul\A_BITS=s32'00000000000000000000000000010000.
Optimizing module nanoV_alu.
Optimizing module nanoV_shift.
Optimizing module tt_um_WaiMingLee888_nanov.

11.14.2. Executing OPT_MERGE pass (detect identical cells).
Finding identical cells in module `$paramod$c6073fd8a5b287029e036048d234daa072bb204f\nanoV_core'.
Finding identical cells in module `$paramod$c6073fd8a5b287029e036048d234daa072bb204f\nanoV_registers'.
Finding identical cells in module `$paramod$ce6830bd8bd018e3cc0f9c5605fbb87f31d5ce1b\uart_rx'.
Finding identical cells in module `$paramod$ce6830bd8bd018e3cc0f9c5605fbb87f31d5ce1b\uart_tx'.
Finding identical cells in module `$paramod\nanoV_cpu\NUM_REGS=s32'00000000000000000000000000010000'.
Finding identical cells in module `$paramod\nanoV_mul\A_BITS=s32'00000000000000000000000000010000'.
Finding identical cells in module `\nanoV_alu'.
Finding identical cells in module `\nanoV_shift'.
Finding identical cells in module `\tt_um_WaiMingLee888_nanov'.
Removed a total of 0 cells.

11.14.3. Executing OPT_MUXTREE pass (detect dead branches in mux trees).
Running muxtree optimizer on module $paramod$c6073fd8a5b287029e036048d234daa072bb204f\nanoV_core..
  Creating internal representation of mux trees.
  Evaluating internal representation of mux trees.
  Analyzing evaluation results.
Running muxtree optimizer on module $paramod$c6073fd8a5b287029e036048d234daa072bb204f\nanoV_registers..
  Creating internal representation of mux trees.
  Evaluating internal representation of mux trees.
  Analyzing evaluation results.
Running muxtree optimizer on module $paramod$ce6830bd8bd018e3cc0f9c5605fbb87f31d5ce1b\uart_rx..
  Creating internal representation of mux trees.
  Evaluating internal representation of mux trees.
  Analyzing evaluation results.
Running muxtree optimizer on module $paramod$ce6830bd8bd018e3cc0f9c5605fbb87f31d5ce1b\uart_tx..
  Creating internal representation of mux trees.
  Evaluating internal representation of mux trees.
  Analyzing evaluation results.
Running muxtree optimizer on module $paramod\nanoV_cpu\NUM_REGS=s32'00000000000000000000000000010000..
  Creating internal representation of mux trees.
  Evaluating internal representation of mux trees.
  Analyzing evaluation results.
Running muxtree optimizer on module $paramod\nanoV_mul\A_BITS=s32'00000000000000000000000000010000..
  Creating internal representation of mux trees.
  Evaluating internal representation of mux trees.
  Analyzing evaluation results.
Running muxtree optimizer on module \nanoV_alu..
  Creating internal representation of mux trees.
  Evaluating internal representation of mux trees.
  Analyzing evaluation results.
Running muxtree optimizer on module \nanoV_shift..
  Creating internal representation of mux trees.
  Evaluating internal representation of mux trees.
  Analyzing evaluation results.
Running muxtree optimizer on module \tt_um_WaiMingLee888_nanov..
  Creating internal representation of mux trees.
  Evaluating internal representation of mux trees.
  Analyzing evaluation results.
Removed 0 multiplexer ports.
<suppressed ~80 debug messages>

11.14.4. Executing OPT_REDUCE pass (consolidate $*mux and $reduce_* inputs).
  Optimizing cells in module $paramod$c6073fd8a5b287029e036048d234daa072bb204f\nanoV_core.
  Optimizing cells in module $paramod$c6073fd8a5b287029e036048d234daa072bb204f\nanoV_registers.
  Optimizing cells in module $paramod$ce6830bd8bd018e3cc0f9c5605fbb87f31d5ce1b\uart_rx.
  Optimizing cells in module $paramod$ce6830bd8bd018e3cc0f9c5605fbb87f31d5ce1b\uart_tx.
  Optimizing cells in module $paramod\nanoV_cpu\NUM_REGS=s32'00000000000000000000000000010000.
  Optimizing cells in module $paramod\nanoV_mul\A_BITS=s32'00000000000000000000000000010000.
  Optimizing cells in module \nanoV_alu.
  Optimizing cells in module \nanoV_shift.
  Optimizing cells in module \tt_um_WaiMingLee888_nanov.
Performed a total of 0 changes.

11.14.5. Executing OPT_MERGE pass (detect identical cells).
Finding identical cells in module `$paramod$c6073fd8a5b287029e036048d234daa072bb204f\nanoV_core'.
Finding identical cells in module `$paramod$c6073fd8a5b287029e036048d234daa072bb204f\nanoV_registers'.
Finding identical cells in module `$paramod$ce6830bd8bd018e3cc0f9c5605fbb87f31d5ce1b\uart_rx'.
Finding identical cells in module `$paramod$ce6830bd8bd018e3cc0f9c5605fbb87f31d5ce1b\uart_tx'.
Finding identical cells in module `$paramod\nanoV_cpu\NUM_REGS=s32'00000000000000000000000000010000'.
Finding identical cells in module `$paramod\nanoV_mul\A_BITS=s32'00000000000000000000000000010000'.
Finding identical cells in module `\nanoV_alu'.
Finding identical cells in module `\nanoV_shift'.
Finding identical cells in module `\tt_um_WaiMingLee888_nanov'.
Removed a total of 0 cells.

11.14.6. Executing OPT_DFF pass (perform DFF optimizations).

11.14.7. Executing OPT_CLEAN pass (remove unused cells and wires).
Finding unused cells or wires in module $paramod$c6073fd8a5b287029e036048d234daa072bb204f\nanoV_core..
Finding unused cells or wires in module $paramod$c6073fd8a5b287029e036048d234daa072bb204f\nanoV_registers..
Finding unused cells or wires in module $paramod$ce6830bd8bd018e3cc0f9c5605fbb87f31d5ce1b\uart_rx..
Finding unused cells or wires in module $paramod$ce6830bd8bd018e3cc0f9c5605fbb87f31d5ce1b\uart_tx..
Finding unused cells or wires in module $paramod\nanoV_cpu\NUM_REGS=s32'00000000000000000000000000010000..
Finding unused cells or wires in module $paramod\nanoV_mul\A_BITS=s32'00000000000000000000000000010000..
Finding unused cells or wires in module \nanoV_alu..
Finding unused cells or wires in module \nanoV_shift..
Finding unused cells or wires in module \tt_um_WaiMingLee888_nanov..
Removed 3 unused cells and 16 unused wires.
<suppressed ~10 debug messages>

11.14.8. Executing OPT_EXPR pass (perform const folding).
Optimizing module $paramod$c6073fd8a5b287029e036048d234daa072bb204f\nanoV_core.
Optimizing module $paramod$c6073fd8a5b287029e036048d234daa072bb204f\nanoV_registers.
Optimizing module $paramod$ce6830bd8bd018e3cc0f9c5605fbb87f31d5ce1b\uart_rx.
Optimizing module $paramod$ce6830bd8bd018e3cc0f9c5605fbb87f31d5ce1b\uart_tx.
Optimizing module $paramod\nanoV_cpu\NUM_REGS=s32'00000000000000000000000000010000.
Optimizing module $paramod\nanoV_mul\A_BITS=s32'00000000000000000000000000010000.
Optimizing module nanoV_alu.
Optimizing module nanoV_shift.
Optimizing module tt_um_WaiMingLee888_nanov.

11.14.9. Rerunning OPT passes. (Maybe there is more to do..)

11.14.10. Executing OPT_MUXTREE pass (detect dead branches in mux trees).
Running muxtree optimizer on module $paramod$c6073fd8a5b287029e036048d234daa072bb204f\nanoV_core..
  Creating internal representation of mux trees.
  Evaluating internal representation of mux trees.
  Analyzing evaluation results.
Running muxtree optimizer on module $paramod$c6073fd8a5b287029e036048d234daa072bb204f\nanoV_registers..
  Creating internal representation of mux trees.
  Evaluating internal representation of mux trees.
  Analyzing evaluation results.
Running muxtree optimizer on module $paramod$ce6830bd8bd018e3cc0f9c5605fbb87f31d5ce1b\uart_rx..
  Creating internal representation of mux trees.
  Evaluating internal representation of mux trees.
  Analyzing evaluation results.
Running muxtree optimizer on module $paramod$ce6830bd8bd018e3cc0f9c5605fbb87f31d5ce1b\uart_tx..
  Creating internal representation of mux trees.
  Evaluating internal representation of mux trees.
  Analyzing evaluation results.
Running muxtree optimizer on module $paramod\nanoV_cpu\NUM_REGS=s32'00000000000000000000000000010000..
  Creating internal representation of mux trees.
  Evaluating internal representation of mux trees.
  Analyzing evaluation results.
Running muxtree optimizer on module $paramod\nanoV_mul\A_BITS=s32'00000000000000000000000000010000..
  Creating internal representation of mux trees.
  Evaluating internal representation of mux trees.
  Analyzing evaluation results.
Running muxtree optimizer on module \nanoV_alu..
  Creating internal representation of mux trees.
  Evaluating internal representation of mux trees.
  Analyzing evaluation results.
Running muxtree optimizer on module \nanoV_shift..
  Creating internal representation of mux trees.
  Evaluating internal representation of mux trees.
  Analyzing evaluation results.
Running muxtree optimizer on module \tt_um_WaiMingLee888_nanov..
  Creating internal representation of mux trees.
  Evaluating internal representation of mux trees.
  Analyzing evaluation results.
Removed 0 multiplexer ports.
<suppressed ~80 debug messages>

11.14.11. Executing OPT_REDUCE pass (consolidate $*mux and $reduce_* inputs).
  Optimizing cells in module $paramod$c6073fd8a5b287029e036048d234daa072bb204f\nanoV_core.
  Optimizing cells in module $paramod$c6073fd8a5b287029e036048d234daa072bb204f\nanoV_registers.
  Optimizing cells in module $paramod$ce6830bd8bd018e3cc0f9c5605fbb87f31d5ce1b\uart_rx.
  Optimizing cells in module $paramod$ce6830bd8bd018e3cc0f9c5605fbb87f31d5ce1b\uart_tx.
  Optimizing cells in module $paramod\nanoV_cpu\NUM_REGS=s32'00000000000000000000000000010000.
  Optimizing cells in module $paramod\nanoV_mul\A_BITS=s32'00000000000000000000000000010000.
  Optimizing cells in module \nanoV_alu.
  Optimizing cells in module \nanoV_shift.
  Optimizing cells in module \tt_um_WaiMingLee888_nanov.
Performed a total of 0 changes.

11.14.12. Executing OPT_MERGE pass (detect identical cells).
Finding identical cells in module `$paramod$c6073fd8a5b287029e036048d234daa072bb204f\nanoV_core'.
Finding identical cells in module `$paramod$c6073fd8a5b287029e036048d234daa072bb204f\nanoV_registers'.
Finding identical cells in module `$paramod$ce6830bd8bd018e3cc0f9c5605fbb87f31d5ce1b\uart_rx'.
Finding identical cells in module `$paramod$ce6830bd8bd018e3cc0f9c5605fbb87f31d5ce1b\uart_tx'.
Finding identical cells in module `$paramod\nanoV_cpu\NUM_REGS=s32'00000000000000000000000000010000'.
Finding identical cells in module `$paramod\nanoV_mul\A_BITS=s32'00000000000000000000000000010000'.
Finding identical cells in module `\nanoV_alu'.
Finding identical cells in module `\nanoV_shift'.
Finding identical cells in module `\tt_um_WaiMingLee888_nanov'.
Removed a total of 0 cells.

11.14.13. Executing OPT_DFF pass (perform DFF optimizations).

11.14.14. Executing OPT_CLEAN pass (remove unused cells and wires).
Finding unused cells or wires in module $paramod$c6073fd8a5b287029e036048d234daa072bb204f\nanoV_core..
Finding unused cells or wires in module $paramod$c6073fd8a5b287029e036048d234daa072bb204f\nanoV_registers..
Finding unused cells or wires in module $paramod$ce6830bd8bd018e3cc0f9c5605fbb87f31d5ce1b\uart_rx..
Finding unused cells or wires in module $paramod$ce6830bd8bd018e3cc0f9c5605fbb87f31d5ce1b\uart_tx..
Finding unused cells or wires in module $paramod\nanoV_cpu\NUM_REGS=s32'00000000000000000000000000010000..
Finding unused cells or wires in module $paramod\nanoV_mul\A_BITS=s32'00000000000000000000000000010000..
Finding unused cells or wires in module \nanoV_alu..
Finding unused cells or wires in module \nanoV_shift..
Finding unused cells or wires in module \tt_um_WaiMingLee888_nanov..

11.14.15. Executing OPT_EXPR pass (perform const folding).
Optimizing module $paramod$c6073fd8a5b287029e036048d234daa072bb204f\nanoV_core.
Optimizing module $paramod$c6073fd8a5b287029e036048d234daa072bb204f\nanoV_registers.
Optimizing module $paramod$ce6830bd8bd018e3cc0f9c5605fbb87f31d5ce1b\uart_rx.
Optimizing module $paramod$ce6830bd8bd018e3cc0f9c5605fbb87f31d5ce1b\uart_tx.
Optimizing module $paramod\nanoV_cpu\NUM_REGS=s32'00000000000000000000000000010000.
Optimizing module $paramod\nanoV_mul\A_BITS=s32'00000000000000000000000000010000.
Optimizing module nanoV_alu.
Optimizing module nanoV_shift.
Optimizing module tt_um_WaiMingLee888_nanov.

11.14.16. Finished OPT passes. (There is nothing left to do.)

11.15. Executing MEMORY pass.

11.15.1. Executing OPT_MEM pass (optimize memories).
Performed a total of 0 transformations.

11.15.2. Executing OPT_MEM_PRIORITY pass (removing unnecessary memory write priority relations).
Performed a total of 0 transformations.

11.15.3. Executing OPT_MEM_FEEDBACK pass (finding memory read-to-write feedback paths).

11.15.4. Executing MEMORY_BMUX2ROM pass (converting muxes to ROMs).

11.15.5. Executing MEMORY_DFF pass (merging $dff cells to $memrd).

11.15.6. Executing OPT_CLEAN pass (remove unused cells and wires).
Finding unused cells or wires in module $paramod$c6073fd8a5b287029e036048d234daa072bb204f\nanoV_core..
Finding unused cells or wires in module $paramod$c6073fd8a5b287029e036048d234daa072bb204f\nanoV_registers..
Finding unused cells or wires in module $paramod$ce6830bd8bd018e3cc0f9c5605fbb87f31d5ce1b\uart_rx..
Finding unused cells or wires in module $paramod$ce6830bd8bd018e3cc0f9c5605fbb87f31d5ce1b\uart_tx..
Finding unused cells or wires in module $paramod\nanoV_cpu\NUM_REGS=s32'00000000000000000000000000010000..
Finding unused cells or wires in module $paramod\nanoV_mul\A_BITS=s32'00000000000000000000000000010000..
Finding unused cells or wires in module \nanoV_alu..
Finding unused cells or wires in module \nanoV_shift..
Finding unused cells or wires in module \tt_um_WaiMingLee888_nanov..

11.15.7. Executing MEMORY_SHARE pass (consolidating $memrd/$memwr cells).

11.15.8. Executing OPT_MEM_WIDEN pass (optimize memories where all ports are wide).
Performed a total of 0 transformations.

11.15.9. Executing OPT_CLEAN pass (remove unused cells and wires).
Finding unused cells or wires in module $paramod$c6073fd8a5b287029e036048d234daa072bb204f\nanoV_core..
Finding unused cells or wires in module $paramod$c6073fd8a5b287029e036048d234daa072bb204f\nanoV_registers..
Finding unused cells or wires in module $paramod$ce6830bd8bd018e3cc0f9c5605fbb87f31d5ce1b\uart_rx..
Finding unused cells or wires in module $paramod$ce6830bd8bd018e3cc0f9c5605fbb87f31d5ce1b\uart_tx..
Finding unused cells or wires in module $paramod\nanoV_cpu\NUM_REGS=s32'00000000000000000000000000010000..
Finding unused cells or wires in module $paramod\nanoV_mul\A_BITS=s32'00000000000000000000000000010000..
Finding unused cells or wires in module \nanoV_alu..
Finding unused cells or wires in module \nanoV_shift..
Finding unused cells or wires in module \tt_um_WaiMingLee888_nanov..

11.15.10. Executing MEMORY_COLLECT pass (generating $mem cells).

11.16. Executing OPT_CLEAN pass (remove unused cells and wires).
Finding unused cells or wires in module $paramod$c6073fd8a5b287029e036048d234daa072bb204f\nanoV_core..
Finding unused cells or wires in module $paramod$c6073fd8a5b287029e036048d234daa072bb204f\nanoV_registers..
Finding unused cells or wires in module $paramod$ce6830bd8bd018e3cc0f9c5605fbb87f31d5ce1b\uart_rx..
Finding unused cells or wires in module $paramod$ce6830bd8bd018e3cc0f9c5605fbb87f31d5ce1b\uart_tx..
Finding unused cells or wires in module $paramod\nanoV_cpu\NUM_REGS=s32'00000000000000000000000000010000..
Finding unused cells or wires in module $paramod\nanoV_mul\A_BITS=s32'00000000000000000000000000010000..
Finding unused cells or wires in module \nanoV_alu..
Finding unused cells or wires in module \nanoV_shift..
Finding unused cells or wires in module \tt_um_WaiMingLee888_nanov..

11.17. Executing OPT pass (performing simple optimizations).

11.17.1. Executing OPT_EXPR pass (perform const folding).
Optimizing module $paramod$c6073fd8a5b287029e036048d234daa072bb204f\nanoV_core.
<suppressed ~4 debug messages>
Optimizing module $paramod$c6073fd8a5b287029e036048d234daa072bb204f\nanoV_registers.
<suppressed ~2 debug messages>
Optimizing module $paramod$ce6830bd8bd018e3cc0f9c5605fbb87f31d5ce1b\uart_rx.
<suppressed ~4 debug messages>
Optimizing module $paramod$ce6830bd8bd018e3cc0f9c5605fbb87f31d5ce1b\uart_tx.
<suppressed ~3 debug messages>
Optimizing module $paramod\nanoV_cpu\NUM_REGS=s32'00000000000000000000000000010000.
<suppressed ~44 debug messages>
Optimizing module $paramod\nanoV_mul\A_BITS=s32'00000000000000000000000000010000.
Optimizing module nanoV_alu.
Optimizing module nanoV_shift.
<suppressed ~2 debug messages>
Optimizing module tt_um_WaiMingLee888_nanov.

11.17.2. Executing OPT_MERGE pass (detect identical cells).
Finding identical cells in module `$paramod$c6073fd8a5b287029e036048d234daa072bb204f\nanoV_core'.
Finding identical cells in module `$paramod$c6073fd8a5b287029e036048d234daa072bb204f\nanoV_registers'.
Finding identical cells in module `$paramod$ce6830bd8bd018e3cc0f9c5605fbb87f31d5ce1b\uart_rx'.
<suppressed ~3 debug messages>
Finding identical cells in module `$paramod$ce6830bd8bd018e3cc0f9c5605fbb87f31d5ce1b\uart_tx'.
Finding identical cells in module `$paramod\nanoV_cpu\NUM_REGS=s32'00000000000000000000000000010000'.
<suppressed ~6 debug messages>
Finding identical cells in module `$paramod\nanoV_mul\A_BITS=s32'00000000000000000000000000010000'.
Finding identical cells in module `\nanoV_alu'.
Finding identical cells in module `\nanoV_shift'.
Finding identical cells in module `\tt_um_WaiMingLee888_nanov'.
Removed a total of 3 cells.

11.17.3. Executing OPT_DFF pass (perform DFF optimizations).
Adding EN signal on $auto$ff.cc:266:slice$1959 ($sdffe) from module $paramod\nanoV_cpu\NUM_REGS=s32'00000000000000000000000000010000 (D = $procmux$1142_Y [1:0], Q = \pc [1:0]).

11.17.4. Executing OPT_CLEAN pass (remove unused cells and wires).
Finding unused cells or wires in module $paramod$c6073fd8a5b287029e036048d234daa072bb204f\nanoV_core..
Finding unused cells or wires in module $paramod$c6073fd8a5b287029e036048d234daa072bb204f\nanoV_registers..
Finding unused cells or wires in module $paramod$ce6830bd8bd018e3cc0f9c5605fbb87f31d5ce1b\uart_rx..
Finding unused cells or wires in module $paramod$ce6830bd8bd018e3cc0f9c5605fbb87f31d5ce1b\uart_tx..
Finding unused cells or wires in module $paramod\nanoV_cpu\NUM_REGS=s32'00000000000000000000000000010000..
Finding unused cells or wires in module $paramod\nanoV_mul\A_BITS=s32'00000000000000000000000000010000..
Finding unused cells or wires in module \nanoV_alu..
Finding unused cells or wires in module \nanoV_shift..
Finding unused cells or wires in module \tt_um_WaiMingLee888_nanov..
Removed 4 unused cells and 54 unused wires.
<suppressed ~9 debug messages>

11.17.5. Rerunning OPT passes. (Removed registers in this run.)

11.17.6. Executing OPT_EXPR pass (perform const folding).
Optimizing module $paramod$c6073fd8a5b287029e036048d234daa072bb204f\nanoV_core.
Optimizing module $paramod$c6073fd8a5b287029e036048d234daa072bb204f\nanoV_registers.
Optimizing module $paramod$ce6830bd8bd018e3cc0f9c5605fbb87f31d5ce1b\uart_rx.
Optimizing module $paramod$ce6830bd8bd018e3cc0f9c5605fbb87f31d5ce1b\uart_tx.
Optimizing module $paramod\nanoV_cpu\NUM_REGS=s32'00000000000000000000000000010000.
<suppressed ~9 debug messages>
Optimizing module $paramod\nanoV_mul\A_BITS=s32'00000000000000000000000000010000.
Optimizing module nanoV_alu.
Optimizing module nanoV_shift.
Optimizing module tt_um_WaiMingLee888_nanov.

11.17.7. Executing OPT_MERGE pass (detect identical cells).
Finding identical cells in module `$paramod$c6073fd8a5b287029e036048d234daa072bb204f\nanoV_core'.
Finding identical cells in module `$paramod$c6073fd8a5b287029e036048d234daa072bb204f\nanoV_registers'.
Finding identical cells in module `$paramod$ce6830bd8bd018e3cc0f9c5605fbb87f31d5ce1b\uart_rx'.
Finding identical cells in module `$paramod$ce6830bd8bd018e3cc0f9c5605fbb87f31d5ce1b\uart_tx'.
Finding identical cells in module `$paramod\nanoV_cpu\NUM_REGS=s32'00000000000000000000000000010000'.
Finding identical cells in module `$paramod\nanoV_mul\A_BITS=s32'00000000000000000000000000010000'.
Finding identical cells in module `\nanoV_alu'.
Finding identical cells in module `\nanoV_shift'.
Finding identical cells in module `\tt_um_WaiMingLee888_nanov'.
Removed a total of 0 cells.

11.17.8. Executing OPT_DFF pass (perform DFF optimizations).

11.17.9. Executing OPT_CLEAN pass (remove unused cells and wires).
Finding unused cells or wires in module $paramod$c6073fd8a5b287029e036048d234daa072bb204f\nanoV_core..
Finding unused cells or wires in module $paramod$c6073fd8a5b287029e036048d234daa072bb204f\nanoV_registers..
Finding unused cells or wires in module $paramod$ce6830bd8bd018e3cc0f9c5605fbb87f31d5ce1b\uart_rx..
Finding unused cells or wires in module $paramod$ce6830bd8bd018e3cc0f9c5605fbb87f31d5ce1b\uart_tx..
Finding unused cells or wires in module $paramod\nanoV_cpu\NUM_REGS=s32'00000000000000000000000000010000..
Finding unused cells or wires in module $paramod\nanoV_mul\A_BITS=s32'00000000000000000000000000010000..
Finding unused cells or wires in module \nanoV_alu..
Finding unused cells or wires in module \nanoV_shift..
Finding unused cells or wires in module \tt_um_WaiMingLee888_nanov..
Removed 0 unused cells and 3 unused wires.
<suppressed ~1 debug messages>

11.17.10. Finished fast OPT passes.

11.18. Executing MEMORY_MAP pass (converting memories to logic and flip-flops).

11.19. Executing OPT pass (performing simple optimizations).

11.19.1. Executing OPT_EXPR pass (perform const folding).
Optimizing module $paramod$c6073fd8a5b287029e036048d234daa072bb204f\nanoV_core.
Optimizing module $paramod$c6073fd8a5b287029e036048d234daa072bb204f\nanoV_registers.
Optimizing module $paramod$ce6830bd8bd018e3cc0f9c5605fbb87f31d5ce1b\uart_rx.
Optimizing module $paramod$ce6830bd8bd018e3cc0f9c5605fbb87f31d5ce1b\uart_tx.
Optimizing module $paramod\nanoV_cpu\NUM_REGS=s32'00000000000000000000000000010000.
Optimizing module $paramod\nanoV_mul\A_BITS=s32'00000000000000000000000000010000.
Optimizing module nanoV_alu.
Optimizing module nanoV_shift.
Optimizing module tt_um_WaiMingLee888_nanov.

11.19.2. Executing OPT_MERGE pass (detect identical cells).
Finding identical cells in module `$paramod$c6073fd8a5b287029e036048d234daa072bb204f\nanoV_core'.
Finding identical cells in module `$paramod$c6073fd8a5b287029e036048d234daa072bb204f\nanoV_registers'.
Finding identical cells in module `$paramod$ce6830bd8bd018e3cc0f9c5605fbb87f31d5ce1b\uart_rx'.
Finding identical cells in module `$paramod$ce6830bd8bd018e3cc0f9c5605fbb87f31d5ce1b\uart_tx'.
Finding identical cells in module `$paramod\nanoV_cpu\NUM_REGS=s32'00000000000000000000000000010000'.
Finding identical cells in module `$paramod\nanoV_mul\A_BITS=s32'00000000000000000000000000010000'.
Finding identical cells in module `\nanoV_alu'.
Finding identical cells in module `\nanoV_shift'.
Finding identical cells in module `\tt_um_WaiMingLee888_nanov'.
Removed a total of 0 cells.

11.19.3. Executing OPT_MUXTREE pass (detect dead branches in mux trees).
Running muxtree optimizer on module $paramod$c6073fd8a5b287029e036048d234daa072bb204f\nanoV_core..
  Creating internal representation of mux trees.
  Evaluating internal representation of mux trees.
  Analyzing evaluation results.
Running muxtree optimizer on module $paramod$c6073fd8a5b287029e036048d234daa072bb204f\nanoV_registers..
  Creating internal representation of mux trees.
  Evaluating internal representation of mux trees.
  Analyzing evaluation results.
Running muxtree optimizer on module $paramod$ce6830bd8bd018e3cc0f9c5605fbb87f31d5ce1b\uart_rx..
  Creating internal representation of mux trees.
  Evaluating internal representation of mux trees.
  Analyzing evaluation results.
Running muxtree optimizer on module $paramod$ce6830bd8bd018e3cc0f9c5605fbb87f31d5ce1b\uart_tx..
  Creating internal representation of mux trees.
  Evaluating internal representation of mux trees.
  Analyzing evaluation results.
Running muxtree optimizer on module $paramod\nanoV_cpu\NUM_REGS=s32'00000000000000000000000000010000..
  Creating internal representation of mux trees.
  Evaluating internal representation of mux trees.
  Analyzing evaluation results.
Running muxtree optimizer on module $paramod\nanoV_mul\A_BITS=s32'00000000000000000000000000010000..
  Creating internal representation of mux trees.
  Evaluating internal representation of mux trees.
  Analyzing evaluation results.
Running muxtree optimizer on module \nanoV_alu..
  Creating internal representation of mux trees.
  Evaluating internal representation of mux trees.
  Analyzing evaluation results.
Running muxtree optimizer on module \nanoV_shift..
  Creating internal representation of mux trees.
  Evaluating internal representation of mux trees.
  Analyzing evaluation results.
Running muxtree optimizer on module \tt_um_WaiMingLee888_nanov..
  Creating internal representation of mux trees.
  Evaluating internal representation of mux trees.
  Analyzing evaluation results.
Removed 0 multiplexer ports.
<suppressed ~67 debug messages>

11.19.4. Executing OPT_REDUCE pass (consolidate $*mux and $reduce_* inputs).
  Optimizing cells in module $paramod$c6073fd8a5b287029e036048d234daa072bb204f\nanoV_core.
    Consolidated identical input bits for $mux cell $ternary$src/nanoV/core.v:52$790:
      Old ports: A=2'10, B=2'00, Y=$auto$wreduce.cc:461:run$2009 [1:0]
      New ports: A=1'1, B=1'0, Y=$auto$wreduce.cc:461:run$2009 [1]
      New connections: $auto$wreduce.cc:461:run$2009 [0] = 1'0
  Optimizing cells in module $paramod$c6073fd8a5b287029e036048d234daa072bb204f\nanoV_core.
  Optimizing cells in module $paramod$c6073fd8a5b287029e036048d234daa072bb204f\nanoV_registers.
  Optimizing cells in module $paramod$ce6830bd8bd018e3cc0f9c5605fbb87f31d5ce1b\uart_rx.
    Consolidated identical input bits for $mux cell $ternary$src/nanoV/uart/uart_rx.v:107$555:
      Old ports: A=4'0000, B=4'1011, Y=$auto$wreduce.cc:461:run$2015 [3:0]
      New ports: A=1'0, B=1'1, Y=$auto$wreduce.cc:461:run$2015 [0]
      New connections: $auto$wreduce.cc:461:run$2015 [3:1] = { $auto$wreduce.cc:461:run$2015 [0] 1'0 $auto$wreduce.cc:461:run$2015 [0] }
    Consolidated identical input bits for $mux cell $ternary$src/nanoV/uart/uart_rx.v:109$557:
      Old ports: A=4'1011, B=4'0000, Y=$ternary$src/nanoV/uart/uart_rx.v:109$557_Y [3:0]
      New ports: A=1'1, B=1'0, Y=$ternary$src/nanoV/uart/uart_rx.v:109$557_Y [0]
      New connections: $ternary$src/nanoV/uart/uart_rx.v:109$557_Y [3:1] = { $ternary$src/nanoV/uart/uart_rx.v:109$557_Y [0] 1'0 $ternary$src/nanoV/uart/uart_rx.v:109$557_Y [0] }
  Optimizing cells in module $paramod$ce6830bd8bd018e3cc0f9c5605fbb87f31d5ce1b\uart_rx.
    Consolidated identical input bits for $mux cell $ternary$src/nanoV/uart/uart_rx.v:107$556:
      Old ports: A=4'1010, B=$auto$wreduce.cc:461:run$2015 [3:0], Y=$auto$wreduce.cc:461:run$2016 [3:0]
      New ports: A=2'10, B={ $auto$wreduce.cc:461:run$2015 [0] $auto$wreduce.cc:461:run$2015 [0] }, Y=$auto$wreduce.cc:461:run$2016 [1:0]
      New connections: $auto$wreduce.cc:461:run$2016 [3:2] = { $auto$wreduce.cc:461:run$2016 [1] 1'0 }
  Optimizing cells in module $paramod$ce6830bd8bd018e3cc0f9c5605fbb87f31d5ce1b\uart_rx.
  Optimizing cells in module $paramod$ce6830bd8bd018e3cc0f9c5605fbb87f31d5ce1b\uart_tx.
  Optimizing cells in module $paramod\nanoV_cpu\NUM_REGS=s32'00000000000000000000000000010000.
    Consolidated identical input bits for $mux cell $ternary$src/nanoV/cpu.v:71$676:
      Old ports: A=2'00, B=2'10, Y=$auto$wreduce.cc:461:run$2026 [1:0]
      New ports: A=1'0, B=1'1, Y=$auto$wreduce.cc:461:run$2026 [1]
      New connections: $auto$wreduce.cc:461:run$2026 [0] = 1'0
  Optimizing cells in module $paramod\nanoV_cpu\NUM_REGS=s32'00000000000000000000000000010000.
  Optimizing cells in module $paramod\nanoV_mul\A_BITS=s32'00000000000000000000000000010000.
  Optimizing cells in module \nanoV_alu.
  Optimizing cells in module \nanoV_shift.
  Optimizing cells in module \tt_um_WaiMingLee888_nanov.
    Consolidated identical input bits for $mux cell $ternary$src/tt_top.v:43$3:
      Old ports: A=8'01100000, B=8'11100111, Y=\uio_oe
      New ports: A=1'0, B=1'1, Y=\uio_oe [0]
      New connections: \uio_oe [7:1] = { \uio_oe [0] 4'1100 \uio_oe [0] \uio_oe [0] }
  Optimizing cells in module \tt_um_WaiMingLee888_nanov.
Performed a total of 6 changes.

11.19.5. Executing OPT_MERGE pass (detect identical cells).
Finding identical cells in module `$paramod$c6073fd8a5b287029e036048d234daa072bb204f\nanoV_core'.
Finding identical cells in module `$paramod$c6073fd8a5b287029e036048d234daa072bb204f\nanoV_registers'.
Finding identical cells in module `$paramod$ce6830bd8bd018e3cc0f9c5605fbb87f31d5ce1b\uart_rx'.
Finding identical cells in module `$paramod$ce6830bd8bd018e3cc0f9c5605fbb87f31d5ce1b\uart_tx'.
Finding identical cells in module `$paramod\nanoV_cpu\NUM_REGS=s32'00000000000000000000000000010000'.
Finding identical cells in module `$paramod\nanoV_mul\A_BITS=s32'00000000000000000000000000010000'.
Finding identical cells in module `\nanoV_alu'.
Finding identical cells in module `\nanoV_shift'.
Finding identical cells in module `\tt_um_WaiMingLee888_nanov'.
Removed a total of 0 cells.

11.19.6. Executing OPT_SHARE pass.

11.19.7. Executing OPT_DFF pass (perform DFF optimizations).

11.19.8. Executing OPT_CLEAN pass (remove unused cells and wires).
Finding unused cells or wires in module $paramod$c6073fd8a5b287029e036048d234daa072bb204f\nanoV_core..
Finding unused cells or wires in module $paramod$c6073fd8a5b287029e036048d234daa072bb204f\nanoV_registers..
Finding unused cells or wires in module $paramod$ce6830bd8bd018e3cc0f9c5605fbb87f31d5ce1b\uart_rx..
Finding unused cells or wires in module $paramod$ce6830bd8bd018e3cc0f9c5605fbb87f31d5ce1b\uart_tx..
Finding unused cells or wires in module $paramod\nanoV_cpu\NUM_REGS=s32'00000000000000000000000000010000..
Finding unused cells or wires in module $paramod\nanoV_mul\A_BITS=s32'00000000000000000000000000010000..
Finding unused cells or wires in module \nanoV_alu..
Finding unused cells or wires in module \nanoV_shift..
Finding unused cells or wires in module \tt_um_WaiMingLee888_nanov..

11.19.9. Executing OPT_EXPR pass (perform const folding).
Optimizing module $paramod$c6073fd8a5b287029e036048d234daa072bb204f\nanoV_core.
<suppressed ~1 debug messages>
Optimizing module $paramod$c6073fd8a5b287029e036048d234daa072bb204f\nanoV_registers.
Optimizing module $paramod$ce6830bd8bd018e3cc0f9c5605fbb87f31d5ce1b\uart_rx.
<suppressed ~2 debug messages>
Optimizing module $paramod$ce6830bd8bd018e3cc0f9c5605fbb87f31d5ce1b\uart_tx.
Optimizing module $paramod\nanoV_cpu\NUM_REGS=s32'00000000000000000000000000010000.
<suppressed ~1 debug messages>
Optimizing module $paramod\nanoV_mul\A_BITS=s32'00000000000000000000000000010000.
Optimizing module nanoV_alu.
Optimizing module nanoV_shift.
Optimizing module tt_um_WaiMingLee888_nanov.
<suppressed ~1 debug messages>

11.19.10. Rerunning OPT passes. (Maybe there is more to do..)

11.19.11. Executing OPT_MUXTREE pass (detect dead branches in mux trees).
Running muxtree optimizer on module $paramod$c6073fd8a5b287029e036048d234daa072bb204f\nanoV_core..
  Creating internal representation of mux trees.
  Evaluating internal representation of mux trees.
  Analyzing evaluation results.
Running muxtree optimizer on module $paramod$c6073fd8a5b287029e036048d234daa072bb204f\nanoV_registers..
  Creating internal representation of mux trees.
  Evaluating internal representation of mux trees.
  Analyzing evaluation results.
Running muxtree optimizer on module $paramod$ce6830bd8bd018e3cc0f9c5605fbb87f31d5ce1b\uart_rx..
  Creating internal representation of mux trees.
  Evaluating internal representation of mux trees.
  Analyzing evaluation results.
Running muxtree optimizer on module $paramod$ce6830bd8bd018e3cc0f9c5605fbb87f31d5ce1b\uart_tx..
  Creating internal representation of mux trees.
  Evaluating internal representation of mux trees.
  Analyzing evaluation results.
Running muxtree optimizer on module $paramod\nanoV_cpu\NUM_REGS=s32'00000000000000000000000000010000..
  Creating internal representation of mux trees.
  Evaluating internal representation of mux trees.
  Analyzing evaluation results.
Running muxtree optimizer on module $paramod\nanoV_mul\A_BITS=s32'00000000000000000000000000010000..
  Creating internal representation of mux trees.
  Evaluating internal representation of mux trees.
  Analyzing evaluation results.
Running muxtree optimizer on module \nanoV_alu..
  Creating internal representation of mux trees.
  Evaluating internal representation of mux trees.
  Analyzing evaluation results.
Running muxtree optimizer on module \nanoV_shift..
  Creating internal representation of mux trees.
  Evaluating internal representation of mux trees.
  Analyzing evaluation results.
Running muxtree optimizer on module \tt_um_WaiMingLee888_nanov..
  Creating internal representation of mux trees.
  Evaluating internal representation of mux trees.
  Analyzing evaluation results.
Removed 0 multiplexer ports.
<suppressed ~64 debug messages>

11.19.12. Executing OPT_REDUCE pass (consolidate $*mux and $reduce_* inputs).
  Optimizing cells in module $paramod$c6073fd8a5b287029e036048d234daa072bb204f\nanoV_core.
  Optimizing cells in module $paramod$c6073fd8a5b287029e036048d234daa072bb204f\nanoV_registers.
  Optimizing cells in module $paramod$ce6830bd8bd018e3cc0f9c5605fbb87f31d5ce1b\uart_rx.
  Optimizing cells in module $paramod$ce6830bd8bd018e3cc0f9c5605fbb87f31d5ce1b\uart_tx.
  Optimizing cells in module $paramod\nanoV_cpu\NUM_REGS=s32'00000000000000000000000000010000.
  Optimizing cells in module $paramod\nanoV_mul\A_BITS=s32'00000000000000000000000000010000.
  Optimizing cells in module \nanoV_alu.
  Optimizing cells in module \nanoV_shift.
  Optimizing cells in module \tt_um_WaiMingLee888_nanov.
Performed a total of 0 changes.

11.19.13. Executing OPT_MERGE pass (detect identical cells).
Finding identical cells in module `$paramod$c6073fd8a5b287029e036048d234daa072bb204f\nanoV_core'.
Finding identical cells in module `$paramod$c6073fd8a5b287029e036048d234daa072bb204f\nanoV_registers'.
Finding identical cells in module `$paramod$ce6830bd8bd018e3cc0f9c5605fbb87f31d5ce1b\uart_rx'.
Finding identical cells in module `$paramod$ce6830bd8bd018e3cc0f9c5605fbb87f31d5ce1b\uart_tx'.
Finding identical cells in module `$paramod\nanoV_cpu\NUM_REGS=s32'00000000000000000000000000010000'.
Finding identical cells in module `$paramod\nanoV_mul\A_BITS=s32'00000000000000000000000000010000'.
Finding identical cells in module `\nanoV_alu'.
Finding identical cells in module `\nanoV_shift'.
Finding identical cells in module `\tt_um_WaiMingLee888_nanov'.
Removed a total of 0 cells.

11.19.14. Executing OPT_SHARE pass.

11.19.15. Executing OPT_DFF pass (perform DFF optimizations).

11.19.16. Executing OPT_CLEAN pass (remove unused cells and wires).
Finding unused cells or wires in module $paramod$c6073fd8a5b287029e036048d234daa072bb204f\nanoV_core..
Finding unused cells or wires in module $paramod$c6073fd8a5b287029e036048d234daa072bb204f\nanoV_registers..
Finding unused cells or wires in module $paramod$ce6830bd8bd018e3cc0f9c5605fbb87f31d5ce1b\uart_rx..
Finding unused cells or wires in module $paramod$ce6830bd8bd018e3cc0f9c5605fbb87f31d5ce1b\uart_tx..
Finding unused cells or wires in module $paramod\nanoV_cpu\NUM_REGS=s32'00000000000000000000000000010000..
Finding unused cells or wires in module $paramod\nanoV_mul\A_BITS=s32'00000000000000000000000000010000..
Finding unused cells or wires in module \nanoV_alu..
Finding unused cells or wires in module \nanoV_shift..
Finding unused cells or wires in module \tt_um_WaiMingLee888_nanov..
Removed 0 unused cells and 2 unused wires.
<suppressed ~2 debug messages>

11.19.17. Executing OPT_EXPR pass (perform const folding).
Optimizing module $paramod$c6073fd8a5b287029e036048d234daa072bb204f\nanoV_core.
Optimizing module $paramod$c6073fd8a5b287029e036048d234daa072bb204f\nanoV_registers.
Optimizing module $paramod$ce6830bd8bd018e3cc0f9c5605fbb87f31d5ce1b\uart_rx.
Optimizing module $paramod$ce6830bd8bd018e3cc0f9c5605fbb87f31d5ce1b\uart_tx.
Optimizing module $paramod\nanoV_cpu\NUM_REGS=s32'00000000000000000000000000010000.
Optimizing module $paramod\nanoV_mul\A_BITS=s32'00000000000000000000000000010000.
Optimizing module nanoV_alu.
Optimizing module nanoV_shift.
Optimizing module tt_um_WaiMingLee888_nanov.

11.19.18. Rerunning OPT passes. (Maybe there is more to do..)

11.19.19. Executing OPT_MUXTREE pass (detect dead branches in mux trees).
Running muxtree optimizer on module $paramod$c6073fd8a5b287029e036048d234daa072bb204f\nanoV_core..
  Creating internal representation of mux trees.
  Evaluating internal representation of mux trees.
  Analyzing evaluation results.
Running muxtree optimizer on module $paramod$c6073fd8a5b287029e036048d234daa072bb204f\nanoV_registers..
  Creating internal representation of mux trees.
  Evaluating internal representation of mux trees.
  Analyzing evaluation results.
Running muxtree optimizer on module $paramod$ce6830bd8bd018e3cc0f9c5605fbb87f31d5ce1b\uart_rx..
  Creating internal representation of mux trees.
  Evaluating internal representation of mux trees.
  Analyzing evaluation results.
Running muxtree optimizer on module $paramod$ce6830bd8bd018e3cc0f9c5605fbb87f31d5ce1b\uart_tx..
  Creating internal representation of mux trees.
  Evaluating internal representation of mux trees.
  Analyzing evaluation results.
Running muxtree optimizer on module $paramod\nanoV_cpu\NUM_REGS=s32'00000000000000000000000000010000..
  Creating internal representation of mux trees.
  Evaluating internal representation of mux trees.
  Analyzing evaluation results.
Running muxtree optimizer on module $paramod\nanoV_mul\A_BITS=s32'00000000000000000000000000010000..
  Creating internal representation of mux trees.
  Evaluating internal representation of mux trees.
  Analyzing evaluation results.
Running muxtree optimizer on module \nanoV_alu..
  Creating internal representation of mux trees.
  Evaluating internal representation of mux trees.
  Analyzing evaluation results.
Running muxtree optimizer on module \nanoV_shift..
  Creating internal representation of mux trees.
  Evaluating internal representation of mux trees.
  Analyzing evaluation results.
Running muxtree optimizer on module \tt_um_WaiMingLee888_nanov..
  Creating internal representation of mux trees.
  Evaluating internal representation of mux trees.
  Analyzing evaluation results.
Removed 0 multiplexer ports.
<suppressed ~64 debug messages>

11.19.20. Executing OPT_REDUCE pass (consolidate $*mux and $reduce_* inputs).
  Optimizing cells in module $paramod$c6073fd8a5b287029e036048d234daa072bb204f\nanoV_core.
  Optimizing cells in module $paramod$c6073fd8a5b287029e036048d234daa072bb204f\nanoV_registers.
  Optimizing cells in module $paramod$ce6830bd8bd018e3cc0f9c5605fbb87f31d5ce1b\uart_rx.
  Optimizing cells in module $paramod$ce6830bd8bd018e3cc0f9c5605fbb87f31d5ce1b\uart_tx.
  Optimizing cells in module $paramod\nanoV_cpu\NUM_REGS=s32'00000000000000000000000000010000.
  Optimizing cells in module $paramod\nanoV_mul\A_BITS=s32'00000000000000000000000000010000.
  Optimizing cells in module \nanoV_alu.
  Optimizing cells in module \nanoV_shift.
  Optimizing cells in module \tt_um_WaiMingLee888_nanov.
Performed a total of 0 changes.

11.19.21. Executing OPT_MERGE pass (detect identical cells).
Finding identical cells in module `$paramod$c6073fd8a5b287029e036048d234daa072bb204f\nanoV_core'.
Finding identical cells in module `$paramod$c6073fd8a5b287029e036048d234daa072bb204f\nanoV_registers'.
Finding identical cells in module `$paramod$ce6830bd8bd018e3cc0f9c5605fbb87f31d5ce1b\uart_rx'.
Finding identical cells in module `$paramod$ce6830bd8bd018e3cc0f9c5605fbb87f31d5ce1b\uart_tx'.
Finding identical cells in module `$paramod\nanoV_cpu\NUM_REGS=s32'00000000000000000000000000010000'.
Finding identical cells in module `$paramod\nanoV_mul\A_BITS=s32'00000000000000000000000000010000'.
Finding identical cells in module `\nanoV_alu'.
Finding identical cells in module `\nanoV_shift'.
Finding identical cells in module `\tt_um_WaiMingLee888_nanov'.
Removed a total of 0 cells.

11.19.22. Executing OPT_SHARE pass.

11.19.23. Executing OPT_DFF pass (perform DFF optimizations).

11.19.24. Executing OPT_CLEAN pass (remove unused cells and wires).
Finding unused cells or wires in module $paramod$c6073fd8a5b287029e036048d234daa072bb204f\nanoV_core..
Finding unused cells or wires in module $paramod$c6073fd8a5b287029e036048d234daa072bb204f\nanoV_registers..
Finding unused cells or wires in module $paramod$ce6830bd8bd018e3cc0f9c5605fbb87f31d5ce1b\uart_rx..
Finding unused cells or wires in module $paramod$ce6830bd8bd018e3cc0f9c5605fbb87f31d5ce1b\uart_tx..
Finding unused cells or wires in module $paramod\nanoV_cpu\NUM_REGS=s32'00000000000000000000000000010000..
Finding unused cells or wires in module $paramod\nanoV_mul\A_BITS=s32'00000000000000000000000000010000..
Finding unused cells or wires in module \nanoV_alu..
Finding unused cells or wires in module \nanoV_shift..
Finding unused cells or wires in module \tt_um_WaiMingLee888_nanov..

11.19.25. Executing OPT_EXPR pass (perform const folding).
Optimizing module $paramod$c6073fd8a5b287029e036048d234daa072bb204f\nanoV_core.
Optimizing module $paramod$c6073fd8a5b287029e036048d234daa072bb204f\nanoV_registers.
Optimizing module $paramod$ce6830bd8bd018e3cc0f9c5605fbb87f31d5ce1b\uart_rx.
Optimizing module $paramod$ce6830bd8bd018e3cc0f9c5605fbb87f31d5ce1b\uart_tx.
Optimizing module $paramod\nanoV_cpu\NUM_REGS=s32'00000000000000000000000000010000.
Optimizing module $paramod\nanoV_mul\A_BITS=s32'00000000000000000000000000010000.
Optimizing module nanoV_alu.
Optimizing module nanoV_shift.
Optimizing module tt_um_WaiMingLee888_nanov.

11.19.26. Finished OPT passes. (There is nothing left to do.)

11.20. Executing TECHMAP pass (map to technology primitives).

11.20.1. Executing Verilog-2005 frontend: /usr/local/bin/../share/yosys/techmap.v
Parsing Verilog input from `/usr/local/bin/../share/yosys/techmap.v' to AST representation.
Generating RTLIL representation for module `\_90_simplemap_bool_ops'.
Generating RTLIL representation for module `\_90_simplemap_reduce_ops'.
Generating RTLIL representation for module `\_90_simplemap_logic_ops'.
Generating RTLIL representation for module `\_90_simplemap_compare_ops'.
Generating RTLIL representation for module `\_90_simplemap_various'.
Generating RTLIL representation for module `\_90_simplemap_registers'.
Generating RTLIL representation for module `\_90_shift_ops_shr_shl_sshl_sshr'.
Generating RTLIL representation for module `\_90_shift_shiftx'.
Generating RTLIL representation for module `\_90_fa'.
Generating RTLIL representation for module `\_90_lcu_brent_kung'.
Generating RTLIL representation for module `\_90_alu'.
Generating RTLIL representation for module `\_90_macc'.
Generating RTLIL representation for module `\_90_alumacc'.
Generating RTLIL representation for module `\$__div_mod_u'.
Generating RTLIL representation for module `\$__div_mod_trunc'.
Generating RTLIL representation for module `\_90_div'.
Generating RTLIL representation for module `\_90_mod'.
Generating RTLIL representation for module `\$__div_mod_floor'.
Generating RTLIL representation for module `\_90_divfloor'.
Generating RTLIL representation for module `\_90_modfloor'.
Generating RTLIL representation for module `\_90_pow'.
Generating RTLIL representation for module `\_90_pmux'.
Generating RTLIL representation for module `\_90_demux'.
Generating RTLIL representation for module `\_90_lut'.
Successfully finished Verilog frontend.

11.20.2. Continuing TECHMAP pass.
Using extmapper simplemap for cells of type $logic_not.
Using extmapper simplemap for cells of type $logic_and.
Using extmapper simplemap for cells of type $eq.
Using extmapper simplemap for cells of type $reduce_or.
Using extmapper simplemap for cells of type $mux.
Using extmapper simplemap for cells of type $and.
Using extmapper simplemap for cells of type $not.
Using extmapper simplemap for cells of type $sdff.
Using extmapper simplemap for cells of type $dff.
Using extmapper simplemap for cells of type $dffe.
Using template $paramod$e04283ca12514baf3d204c6994bec8f178dd89f8\_90_alu for cells of type $alu.
Using template $paramod$constmap:e2101c44e3f83a0dc2da774cd1fdd19ff2da5f4f$paramod$e194a9e890de0a7be18db8bd15a1479dea055e42\_90_shift_shiftx for cells of type $shiftx.
Using extmapper simplemap for cells of type $xor.
Using template $paramod\_90_lcu_brent_kung\WIDTH=32'00000000000000000000000000000110 for cells of type $lcu.
Using extmapper simplemap for cells of type $pos.
Using extmapper simplemap for cells of type $or.
Using extmapper simplemap for cells of type $logic_or.
Using template $paramod$1d1e68f77481583066c6d429218f48ea9d5739b3\_90_alu for cells of type $alu.
Using template $paramod$b3b6ac92d800c6f07aa48f510f923d86a674e5a7\_90_pmux for cells of type $pmux.
Using template $paramod\_90_lcu_brent_kung\WIDTH=32'00000000000000000000000000000010 for cells of type $lcu.
Using template $paramod$081ba1a4a7201ecdb44563d3c3bd7013d1ebf4eb\_90_alu for cells of type $alu.
Using template $paramod\_90_lcu_brent_kung\WIDTH=32'00000000000000000000000000010001 for cells of type $lcu.
Using extmapper simplemap for cells of type $reduce_and.
Using extmapper simplemap for cells of type $ne.
Using template $paramod$b18e16801adf491a64caa0542270798e5d4ac6b6\_90_alu for cells of type $alu.
Using extmapper simplemap for cells of type $reduce_bool.
Using extmapper simplemap for cells of type $sdffe.
Using template $paramod$5e23d2e0f07f5403e3d2c5b606bab0c16e4174c1\_90_alu for cells of type $alu.
Using template $paramod$3ef7d3dd227da7627a99c5e5a6a4deb817573e39\_90_alu for cells of type $alu.
Using template $paramod$1a3a0c35c4a4896fbfd612699525c057298e72d2\_90_alu for cells of type $alu.
Using template $paramod$bfceb922395790c0ce92e9f9b5b428d4fc72cc30\_90_alu for cells of type $alu.
Using template $paramod$ce0ec84be7047712840b0952f343ee9e63ef75d1\_90_alu for cells of type $alu.
Using template $paramod\_90_lcu_brent_kung\WIDTH=32'00000000000000000000000000000101 for cells of type $lcu.
Using template $paramod\_90_lcu_brent_kung\WIDTH=32'00000000000000000000000000000011 for cells of type $lcu.
Using template $paramod\_90_lcu_brent_kung\WIDTH=32'00000000000000000000000000000100 for cells of type $lcu.
Using template $paramod\_90_lcu_brent_kung\WIDTH=32'00000000000000000000000000010100 for cells of type $lcu.
Using template $paramod$740b056ede97228d3eae64ea2fdc81f0a33e0fe7\_90_alu for cells of type $alu.
Using template $paramod$32a7b7b86c07519b7537abc18e96f0331f97914d\_90_alu for cells of type $alu.
Using template $paramod$f85408ed1aa3d09e465edae8a7bf590332ae9f7b\_90_alu for cells of type $alu.
Using template $paramod$c3cd1564c35d873179656addd6052d7ea8b6d991\_90_alu for cells of type $alu.
Using template $paramod\_90_lcu_brent_kung\WIDTH=32'00000000000000000000000000001000 for cells of type $lcu.
Using template $paramod$c2e415ef15bc3ccd2723772353a6b450d3d76206\_90_pmux for cells of type $pmux.
Using template $paramod$78e969f2586efcf3a5b0b0440bcca0db83d5cca2\_90_alu for cells of type $alu.
Using template $paramod$7af24cf7f572852703f08ef7a936c59efa2c57af\_90_alu for cells of type $alu.
Using template $paramod$0527bd31598f45e3570b8d820612753f6716c8a4\_90_pmux for cells of type $pmux.
Analyzing pattern of constant bits for this cell:
  Constant input on bit 0 of port A: 1'0
  Bit 21 of port A and bit 20 of port A are connected.
  Bit 22 of port A and bit 20 of port A are connected.
  Bit 23 of port A and bit 20 of port A are connected.
  Bit 24 of port A and bit 20 of port A are connected.
  Bit 25 of port A and bit 20 of port A are connected.
  Bit 26 of port A and bit 20 of port A are connected.
  Bit 27 of port A and bit 20 of port A are connected.
  Bit 28 of port A and bit 20 of port A are connected.
  Bit 29 of port A and bit 20 of port A are connected.
  Bit 30 of port A and bit 20 of port A are connected.
  Bit 31 of port A and bit 20 of port A are connected.
Creating constmapped module `$paramod$constmap:09e8cffe755c4655b20709a667f3c8a396cf4419$paramod$e194a9e890de0a7be18db8bd15a1479dea055e42\_90_shift_shiftx'.

11.20.76. Executing OPT_MUXTREE pass (detect dead branches in mux trees).
Running muxtree optimizer on module $paramod$constmap:09e8cffe755c4655b20709a667f3c8a396cf4419$paramod$e194a9e890de0a7be18db8bd15a1479dea055e42\_90_shift_shiftx..
  Creating internal representation of mux trees.
  Evaluating internal representation of mux trees.
  Analyzing evaluation results.
    dead port 2/2 on $mux $procmux$2763.
    dead port 2/2 on $mux $procmux$2757.
    dead port 2/2 on $mux $procmux$2751.
    dead port 2/2 on $mux $procmux$2745.
    dead port 2/2 on $mux $procmux$2739.
Removed 5 multiplexer ports.
<suppressed ~2556 debug messages>

11.20.77. Executing OPT_EXPR pass (perform const folding).
Optimizing module $paramod$constmap:09e8cffe755c4655b20709a667f3c8a396cf4419$paramod$e194a9e890de0a7be18db8bd15a1479dea055e42\_90_shift_shiftx.
<suppressed ~3 debug messages>
Removed 0 unused cells and 11 unused wires.
Using template $paramod$constmap:09e8cffe755c4655b20709a667f3c8a396cf4419$paramod$e194a9e890de0a7be18db8bd15a1479dea055e42\_90_shift_shiftx for cells of type $shiftx.
Analyzing pattern of constant bits for this cell:
  Bit 12 of port A and bit 11 of port A are connected.
  Bit 13 of port A and bit 11 of port A are connected.
  Bit 14 of port A and bit 11 of port A are connected.
  Bit 15 of port A and bit 11 of port A are connected.
  Bit 16 of port A and bit 11 of port A are connected.
  Bit 17 of port A and bit 11 of port A are connected.
  Bit 18 of port A and bit 11 of port A are connected.
  Bit 19 of port A and bit 11 of port A are connected.
  Bit 20 of port A and bit 11 of port A are connected.
  Bit 21 of port A and bit 11 of port A are connected.
  Bit 22 of port A and bit 11 of port A are connected.
  Bit 23 of port A and bit 11 of port A are connected.
  Bit 24 of port A and bit 11 of port A are connected.
  Bit 25 of port A and bit 11 of port A are connected.
  Bit 26 of port A and bit 11 of port A are connected.
  Bit 27 of port A and bit 11 of port A are connected.
  Bit 28 of port A and bit 11 of port A are connected.
  Bit 29 of port A and bit 11 of port A are connected.
  Bit 30 of port A and bit 11 of port A are connected.
  Bit 31 of port A and bit 11 of port A are connected.
Creating constmapped module `$paramod$constmap:ba1700f3340aeadd21b29242e4780c97fbddd699$paramod$e194a9e890de0a7be18db8bd15a1479dea055e42\_90_shift_shiftx'.

11.20.78. Executing OPT_MUXTREE pass (detect dead branches in mux trees).
Running muxtree optimizer on module $paramod$constmap:ba1700f3340aeadd21b29242e4780c97fbddd699$paramod$e194a9e890de0a7be18db8bd15a1479dea055e42\_90_shift_shiftx..
  Creating internal representation of mux trees.
  Evaluating internal representation of mux trees.
  Analyzing evaluation results.
    dead port 2/2 on $mux $procmux$2763.
    dead port 2/2 on $mux $procmux$2757.
    dead port 2/2 on $mux $procmux$2751.
    dead port 2/2 on $mux $procmux$2745.
    dead port 2/2 on $mux $procmux$2739.
Removed 5 multiplexer ports.
<suppressed ~11 debug messages>

11.20.79. Executing OPT_EXPR pass (perform const folding).
Optimizing module $paramod$constmap:ba1700f3340aeadd21b29242e4780c97fbddd699$paramod$e194a9e890de0a7be18db8bd15a1479dea055e42\_90_shift_shiftx.
<suppressed ~3 debug messages>
Removed 0 unused cells and 11 unused wires.
Using template $paramod$constmap:ba1700f3340aeadd21b29242e4780c97fbddd699$paramod$e194a9e890de0a7be18db8bd15a1479dea055e42\_90_shift_shiftx for cells of type $shiftx.
Analyzing pattern of constant bits for this cell:
  Constant input on bit 0 of port A: 1'0
  Bit 13 of port A and bit 12 of port A are connected.
  Bit 14 of port A and bit 12 of port A are connected.
  Bit 15 of port A and bit 12 of port A are connected.
  Bit 16 of port A and bit 12 of port A are connected.
  Bit 17 of port A and bit 12 of port A are connected.
  Bit 18 of port A and bit 12 of port A are connected.
  Bit 19 of port A and bit 12 of port A are connected.
  Bit 20 of port A and bit 12 of port A are connected.
  Bit 21 of port A and bit 12 of port A are connected.
  Bit 22 of port A and bit 12 of port A are connected.
  Bit 23 of port A and bit 12 of port A are connected.
  Bit 24 of port A and bit 12 of port A are connected.
  Bit 25 of port A and bit 12 of port A are connected.
  Bit 26 of port A and bit 12 of port A are connected.
  Bit 27 of port A and bit 12 of port A are connected.
  Bit 28 of port A and bit 12 of port A are connected.
  Bit 29 of port A and bit 12 of port A are connected.
  Bit 30 of port A and bit 12 of port A are connected.
  Bit 31 of port A and bit 12 of port A are connected.
Creating constmapped module `$paramod$constmap:bfe5dce9e0f4c5e2266292dcb8ec2c739cb552b3$paramod$e194a9e890de0a7be18db8bd15a1479dea055e42\_90_shift_shiftx'.

11.20.80. Executing OPT_MUXTREE pass (detect dead branches in mux trees).
Running muxtree optimizer on module $paramod$constmap:bfe5dce9e0f4c5e2266292dcb8ec2c739cb552b3$paramod$e194a9e890de0a7be18db8bd15a1479dea055e42\_90_shift_shiftx..
  Creating internal representation of mux trees.
  Evaluating internal representation of mux trees.
  Analyzing evaluation results.
    dead port 2/2 on $mux $procmux$2763.
    dead port 2/2 on $mux $procmux$2757.
    dead port 2/2 on $mux $procmux$2751.
    dead port 2/2 on $mux $procmux$2745.
    dead port 2/2 on $mux $procmux$2739.
Removed 5 multiplexer ports.
<suppressed ~14 debug messages>

11.20.81. Executing OPT_EXPR pass (perform const folding).
Optimizing module $paramod$constmap:bfe5dce9e0f4c5e2266292dcb8ec2c739cb552b3$paramod$e194a9e890de0a7be18db8bd15a1479dea055e42\_90_shift_shiftx.
<suppressed ~3 debug messages>
Removed 0 unused cells and 11 unused wires.
Using template $paramod$constmap:bfe5dce9e0f4c5e2266292dcb8ec2c739cb552b3$paramod$e194a9e890de0a7be18db8bd15a1479dea055e42\_90_shift_shiftx for cells of type $shiftx.
Analyzing pattern of constant bits for this cell:
  Constant input on bit 0 of port A: 1'0
  Constant input on bit 1 of port A: 1'0
  Constant input on bit 2 of port A: 1'0
  Constant input on bit 3 of port A: 1'0
  Constant input on bit 4 of port A: 1'0
  Constant input on bit 5 of port A: 1'0
  Constant input on bit 6 of port A: 1'0
  Constant input on bit 7 of port A: 1'0
  Constant input on bit 8 of port A: 1'0
  Constant input on bit 9 of port A: 1'0
  Constant input on bit 10 of port A: 1'0
  Constant input on bit 11 of port A: 1'0
Creating constmapped module `$paramod$constmap:0a7d3e565dd5506d8282ab0bde3636f22c7bf390$paramod$e194a9e890de0a7be18db8bd15a1479dea055e42\_90_shift_shiftx'.

11.20.82. Executing OPT_MUXTREE pass (detect dead branches in mux trees).
Running muxtree optimizer on module $paramod$constmap:0a7d3e565dd5506d8282ab0bde3636f22c7bf390$paramod$e194a9e890de0a7be18db8bd15a1479dea055e42\_90_shift_shiftx..
  Creating internal representation of mux trees.
  Evaluating internal representation of mux trees.
  Analyzing evaluation results.
    dead port 2/2 on $mux $procmux$2763.
    dead port 2/2 on $mux $procmux$2757.
    dead port 2/2 on $mux $procmux$2751.
    dead port 2/2 on $mux $procmux$2745.
    dead port 2/2 on $mux $procmux$2739.
Removed 5 multiplexer ports.
<suppressed ~11 debug messages>

11.20.83. Executing OPT_EXPR pass (perform const folding).
Optimizing module $paramod$constmap:0a7d3e565dd5506d8282ab0bde3636f22c7bf390$paramod$e194a9e890de0a7be18db8bd15a1479dea055e42\_90_shift_shiftx.
<suppressed ~3 debug messages>
Removed 0 unused cells and 11 unused wires.
Using template $paramod$constmap:0a7d3e565dd5506d8282ab0bde3636f22c7bf390$paramod$e194a9e890de0a7be18db8bd15a1479dea055e42\_90_shift_shiftx for cells of type $shiftx.
Using template $paramod$79fc7abbb3333dbd5736999d565fd903198fb1eb\_90_alu for cells of type $alu.
No more expansions possible.
<suppressed ~174 debug messages>

11.21. Executing OPT pass (performing simple optimizations).

11.21.1. Executing OPT_EXPR pass (perform const folding).
Optimizing module $paramod$c6073fd8a5b287029e036048d234daa072bb204f\nanoV_core.
<suppressed ~342 debug messages>
Optimizing module $paramod$c6073fd8a5b287029e036048d234daa072bb204f\nanoV_registers.
<suppressed ~198 debug messages>
Optimizing module $paramod$ce6830bd8bd018e3cc0f9c5605fbb87f31d5ce1b\uart_rx.
<suppressed ~151 debug messages>
Optimizing module $paramod$ce6830bd8bd018e3cc0f9c5605fbb87f31d5ce1b\uart_tx.
<suppressed ~125 debug messages>
Optimizing module $paramod\nanoV_cpu\NUM_REGS=s32'00000000000000000000000000010000.
<suppressed ~504 debug messages>
Optimizing module $paramod\nanoV_mul\A_BITS=s32'00000000000000000000000000010000.
<suppressed ~27 debug messages>
Optimizing module nanoV_alu.
<suppressed ~18 debug messages>
Optimizing module nanoV_shift.
<suppressed ~11 debug messages>
Optimizing module tt_um_WaiMingLee888_nanov.
<suppressed ~158 debug messages>

11.21.2. Executing OPT_MERGE pass (detect identical cells).
Finding identical cells in module `$paramod$c6073fd8a5b287029e036048d234daa072bb204f\nanoV_core'.
<suppressed ~804 debug messages>
Finding identical cells in module `$paramod$c6073fd8a5b287029e036048d234daa072bb204f\nanoV_registers'.
<suppressed ~471 debug messages>
Finding identical cells in module `$paramod$ce6830bd8bd018e3cc0f9c5605fbb87f31d5ce1b\uart_rx'.
<suppressed ~90 debug messages>
Finding identical cells in module `$paramod$ce6830bd8bd018e3cc0f9c5605fbb87f31d5ce1b\uart_tx'.
<suppressed ~75 debug messages>
Finding identical cells in module `$paramod\nanoV_cpu\NUM_REGS=s32'00000000000000000000000000010000'.
<suppressed ~297 debug messages>
Finding identical cells in module `$paramod\nanoV_mul\A_BITS=s32'00000000000000000000000000010000'.
Finding identical cells in module `\nanoV_alu'.
<suppressed ~12 debug messages>
Finding identical cells in module `\nanoV_shift'.
Finding identical cells in module `\tt_um_WaiMingLee888_nanov'.
<suppressed ~309 debug messages>
Removed a total of 686 cells.

11.21.3. Executing OPT_DFF pass (perform DFF optimizations).

11.21.4. Executing OPT_CLEAN pass (remove unused cells and wires).
Finding unused cells or wires in module $paramod$c6073fd8a5b287029e036048d234daa072bb204f\nanoV_core..
Finding unused cells or wires in module $paramod$c6073fd8a5b287029e036048d234daa072bb204f\nanoV_registers..
Finding unused cells or wires in module $paramod$ce6830bd8bd018e3cc0f9c5605fbb87f31d5ce1b\uart_rx..
Finding unused cells or wires in module $paramod$ce6830bd8bd018e3cc0f9c5605fbb87f31d5ce1b\uart_tx..
Finding unused cells or wires in module $paramod\nanoV_cpu\NUM_REGS=s32'00000000000000000000000000010000..
Finding unused cells or wires in module $paramod\nanoV_mul\A_BITS=s32'00000000000000000000000000010000..
Finding unused cells or wires in module \nanoV_alu..
Finding unused cells or wires in module \nanoV_shift..
Finding unused cells or wires in module \tt_um_WaiMingLee888_nanov..
Removed 733 unused cells and 1514 unused wires.
<suppressed ~744 debug messages>

11.21.5. Finished fast OPT passes.

11.22. Executing ABC pass (technology mapping using ABC).

11.22.1. Extracting gate netlist of module `$paramod$c6073fd8a5b287029e036048d234daa072bb204f\nanoV_core' to `<abc-temp-dir>/input.blif'..
Extracted 293 gates and 393 wires to a netlist network with 99 inputs and 64 outputs.

11.22.1.1. Executing ABC.
Running ABC command: "<yosys-exe-dir>/yosys-abc" -s -f <abc-temp-dir>/abc.script 2>&1
ABC: ABC command line: "source <abc-temp-dir>/abc.script".
ABC: 
ABC: + read_blif <abc-temp-dir>/input.blif 
ABC: + read_library <abc-temp-dir>/stdcells.genlib 
ABC: Entered genlib library with 13 gates from file "<abc-temp-dir>/stdcells.genlib".
ABC: + strash 
ABC: + dretime 
ABC: + map 
ABC: + write_blif <abc-temp-dir>/output.blif 

11.22.1.2. Re-integrating ABC results.
ABC RESULTS:               XOR cells:        2
ABC RESULTS:               NOR cells:        6
ABC RESULTS:               NOT cells:       15
ABC RESULTS:               AND cells:        7
ABC RESULTS:             ORNOT cells:       16
ABC RESULTS:              NAND cells:        9
ABC RESULTS:            ANDNOT cells:       41
ABC RESULTS:                OR cells:       41
ABC RESULTS:              XNOR cells:        7
ABC RESULTS:               MUX cells:      114
ABC RESULTS:        internal signals:      230
ABC RESULTS:           input signals:       99
ABC RESULTS:          output signals:       64
Removing temp directory.

11.22.2. Extracting gate netlist of module `$paramod$c6073fd8a5b287029e036048d234daa072bb204f\nanoV_registers' to `<abc-temp-dir>/input.blif'..
Extracted 298 gates and 358 wires to a netlist network with 59 inputs and 30 outputs.

11.22.2.1. Executing ABC.
Running ABC command: "<yosys-exe-dir>/yosys-abc" -s -f <abc-temp-dir>/abc.script 2>&1
ABC: ABC command line: "source <abc-temp-dir>/abc.script".
ABC: 
ABC: + read_blif <abc-temp-dir>/input.blif 
ABC: + read_library <abc-temp-dir>/stdcells.genlib 
ABC: Entered genlib library with 13 gates from file "<abc-temp-dir>/stdcells.genlib".
ABC: + strash 
ABC: + dretime 
ABC: + map 
ABC: + write_blif <abc-temp-dir>/output.blif 

11.22.2.2. Re-integrating ABC results.
ABC RESULTS:               XOR cells:        8
ABC RESULTS:              NAND cells:        7
ABC RESULTS:             ORNOT cells:       16
ABC RESULTS:               NOR cells:       31
ABC RESULTS:               AND cells:       28
ABC RESULTS:                OR cells:       74
ABC RESULTS:            ANDNOT cells:       44
ABC RESULTS:               MUX cells:       28
ABC RESULTS:        internal signals:      269
ABC RESULTS:           input signals:       59
ABC RESULTS:          output signals:       30
Removing temp directory.

11.22.3. Extracting gate netlist of module `$paramod$ce6830bd8bd018e3cc0f9c5605fbb87f31d5ce1b\uart_rx' to `<abc-temp-dir>/input.blif'..
Extracted 87 gates and 104 wires to a netlist network with 15 inputs and 19 outputs.

11.22.3.1. Executing ABC.
Running ABC command: "<yosys-exe-dir>/yosys-abc" -s -f <abc-temp-dir>/abc.script 2>&1
ABC: ABC command line: "source <abc-temp-dir>/abc.script".
ABC: 
ABC: + read_blif <abc-temp-dir>/input.blif 
ABC: + read_library <abc-temp-dir>/stdcells.genlib 
ABC: Entered genlib library with 13 gates from file "<abc-temp-dir>/stdcells.genlib".
ABC: + strash 
ABC: + dretime 
ABC: + map 
ABC: + write_blif <abc-temp-dir>/output.blif 

11.22.3.2. Re-integrating ABC results.
ABC RESULTS:             ORNOT cells:        6
ABC RESULTS:               NOR cells:        5
ABC RESULTS:               MUX cells:        3
ABC RESULTS:                OR cells:       20
ABC RESULTS:               NOT cells:        4
ABC RESULTS:               AND cells:        7
ABC RESULTS:              NAND cells:        2
ABC RESULTS:              XNOR cells:        2
ABC RESULTS:            ANDNOT cells:       16
ABC RESULTS:               XOR cells:        8
ABC RESULTS:        internal signals:       70
ABC RESULTS:           input signals:       15
ABC RESULTS:          output signals:       19
Removing temp directory.

11.22.4. Extracting gate netlist of module `$paramod$ce6830bd8bd018e3cc0f9c5605fbb87f31d5ce1b\uart_tx' to `<abc-temp-dir>/input.blif'..
Extracted 79 gates and 111 wires to a netlist network with 30 inputs and 25 outputs.

11.22.4.1. Executing ABC.
Running ABC command: "<yosys-exe-dir>/yosys-abc" -s -f <abc-temp-dir>/abc.script 2>&1
ABC: ABC command line: "source <abc-temp-dir>/abc.script".
ABC: 
ABC: + read_blif <abc-temp-dir>/input.blif 
ABC: + read_library <abc-temp-dir>/stdcells.genlib 
ABC: Entered genlib library with 13 gates from file "<abc-temp-dir>/stdcells.genlib".
ABC: + strash 
ABC: + dretime 
ABC: + map 
ABC: + write_blif <abc-temp-dir>/output.blif 

11.22.4.2. Re-integrating ABC results.
ABC RESULTS:               MUX cells:        9
ABC RESULTS:               NOR cells:        5
ABC RESULTS:             ORNOT cells:        8
ABC RESULTS:                OR cells:        8
ABC RESULTS:               NOT cells:        2
ABC RESULTS:               AND cells:        6
ABC RESULTS:              NAND cells:        4
ABC RESULTS:              XNOR cells:        1
ABC RESULTS:            ANDNOT cells:       17
ABC RESULTS:               XOR cells:        8
ABC RESULTS:        internal signals:       56
ABC RESULTS:           input signals:       30
ABC RESULTS:          output signals:       25
Removing temp directory.

11.22.5. Extracting gate netlist of module `$paramod\nanoV_cpu\NUM_REGS=s32'00000000000000000000000000010000' to `<abc-temp-dir>/input.blif'..
Replacing 2 occurrences of constant undef bits with constant zero bits
Extracted 576 gates and 751 wires to a netlist network with 172 inputs and 127 outputs.

11.22.5.1. Executing ABC.
Running ABC command: "<yosys-exe-dir>/yosys-abc" -s -f <abc-temp-dir>/abc.script 2>&1
ABC: ABC command line: "source <abc-temp-dir>/abc.script".
ABC: 
ABC: + read_blif <abc-temp-dir>/input.blif 
ABC: + read_library <abc-temp-dir>/stdcells.genlib 
ABC: Entered genlib library with 13 gates from file "<abc-temp-dir>/stdcells.genlib".
ABC: + strash 
ABC: + dretime 
ABC: + map 
ABC: + write_blif <abc-temp-dir>/output.blif 

11.22.5.2. Re-integrating ABC results.
ABC RESULTS:              XNOR cells:        1
ABC RESULTS:             ORNOT cells:       23
ABC RESULTS:               NOR cells:       27
ABC RESULTS:               AND cells:       21
ABC RESULTS:               NOT cells:       14
ABC RESULTS:               MUX cells:      150
ABC RESULTS:                OR cells:      102
ABC RESULTS:              NAND cells:       24
ABC RESULTS:            ANDNOT cells:      118
ABC RESULTS:               XOR cells:       36
ABC RESULTS:        internal signals:      452
ABC RESULTS:           input signals:      172
ABC RESULTS:          output signals:      127
Removing temp directory.

11.22.6. Extracting gate netlist of module `$paramod\nanoV_mul\A_BITS=s32'00000000000000000000000000010000' to `<abc-temp-dir>/input.blif'..
Extracted 126 gates and 159 wires to a netlist network with 33 inputs and 17 outputs.

11.22.6.1. Executing ABC.
Running ABC command: "<yosys-exe-dir>/yosys-abc" -s -f <abc-temp-dir>/abc.script 2>&1
ABC: ABC command line: "source <abc-temp-dir>/abc.script".
ABC: 
ABC: + read_blif <abc-temp-dir>/input.blif 
ABC: + read_library <abc-temp-dir>/stdcells.genlib 
ABC: Entered genlib library with 13 gates from file "<abc-temp-dir>/stdcells.genlib".
ABC: + strash 
ABC: + dretime 
ABC: + map 
ABC: + write_blif <abc-temp-dir>/output.blif 

11.22.6.2. Re-integrating ABC results.
ABC RESULTS:               NOT cells:        1
ABC RESULTS:             ORNOT cells:        2
ABC RESULTS:              XNOR cells:       18
ABC RESULTS:              NAND cells:        8
ABC RESULTS:               XOR cells:       13
ABC RESULTS:               MUX cells:       16
ABC RESULTS:               AND cells:        8
ABC RESULTS:               NOR cells:       15
ABC RESULTS:            ANDNOT cells:       21
ABC RESULTS:                OR cells:       25
ABC RESULTS:        internal signals:      109
ABC RESULTS:           input signals:       33
ABC RESULTS:          output signals:       17
Removing temp directory.

11.22.7. Extracting gate netlist of module `\nanoV_alu' to `<abc-temp-dir>/input.blif'..
Extracted 38 gates and 46 wires to a netlist network with 7 inputs and 3 outputs.

11.22.7.1. Executing ABC.
Running ABC command: "<yosys-exe-dir>/yosys-abc" -s -f <abc-temp-dir>/abc.script 2>&1
ABC: ABC command line: "source <abc-temp-dir>/abc.script".
ABC: 
ABC: + read_blif <abc-temp-dir>/input.blif 
ABC: + read_library <abc-temp-dir>/stdcells.genlib 
ABC: Entered genlib library with 13 gates from file "<abc-temp-dir>/stdcells.genlib".
ABC: + strash 
ABC: + dretime 
ABC: + map 
ABC: + write_blif <abc-temp-dir>/output.blif 

11.22.7.2. Re-integrating ABC results.
ABC RESULTS:               NOT cells:        1
ABC RESULTS:               AND cells:        1
ABC RESULTS:               NOR cells:        1
ABC RESULTS:                OR cells:        9
ABC RESULTS:               MUX cells:        1
ABC RESULTS:              NAND cells:        2
ABC RESULTS:            ANDNOT cells:        6
ABC RESULTS:             ORNOT cells:        2
ABC RESULTS:              XNOR cells:        2
ABC RESULTS:               XOR cells:        4
ABC RESULTS:        internal signals:       36
ABC RESULTS:           input signals:        7
ABC RESULTS:          output signals:        3
Removing temp directory.

11.22.8. Extracting gate netlist of module `\nanoV_shift' to `<abc-temp-dir>/input.blif'..
Extracted 59 gates and 104 wires to a netlist network with 44 inputs and 3 outputs.

11.22.8.1. Executing ABC.
Running ABC command: "<yosys-exe-dir>/yosys-abc" -s -f <abc-temp-dir>/abc.script 2>&1
ABC: ABC command line: "source <abc-temp-dir>/abc.script".
ABC: 
ABC: + read_blif <abc-temp-dir>/input.blif 
ABC: + read_library <abc-temp-dir>/stdcells.genlib 
ABC: Entered genlib library with 13 gates from file "<abc-temp-dir>/stdcells.genlib".
ABC: + strash 
ABC: + dretime 
ABC: + map 
ABC: + write_blif <abc-temp-dir>/output.blif 

11.22.8.2. Re-integrating ABC results.
ABC RESULTS:               AND cells:        1
ABC RESULTS:              NAND cells:        5
ABC RESULTS:              XNOR cells:        2
ABC RESULTS:               XOR cells:        4
ABC RESULTS:            ANDNOT cells:       12
ABC RESULTS:               MUX cells:       33
ABC RESULTS:               NOT cells:        5
ABC RESULTS:        internal signals:       57
ABC RESULTS:           input signals:       44
ABC RESULTS:          output signals:        3
Removing temp directory.

11.22.9. Extracting gate netlist of module `\tt_um_WaiMingLee888_nanov' to `<abc-temp-dir>/input.blif'..
Extracted 106 gates and 175 wires to a netlist network with 68 inputs and 16 outputs.

11.22.9.1. Executing ABC.
Running ABC command: "<yosys-exe-dir>/yosys-abc" -s -f <abc-temp-dir>/abc.script 2>&1
ABC: ABC command line: "source <abc-temp-dir>/abc.script".
ABC: 
ABC: + read_blif <abc-temp-dir>/input.blif 
ABC: + read_library <abc-temp-dir>/stdcells.genlib 
ABC: Entered genlib library with 13 gates from file "<abc-temp-dir>/stdcells.genlib".
ABC: + strash 
ABC: + dretime 
ABC: + map 
ABC: + write_blif <abc-temp-dir>/output.blif 

11.22.9.2. Re-integrating ABC results.
ABC RESULTS:               NOR cells:        2
ABC RESULTS:             ORNOT cells:        5
ABC RESULTS:                OR cells:       43
ABC RESULTS:            ANDNOT cells:       10
ABC RESULTS:               AND cells:       14
ABC RESULTS:               MUX cells:       18
ABC RESULTS:        internal signals:       91
ABC RESULTS:           input signals:       68
ABC RESULTS:          output signals:       16
Removing temp directory.

11.23. Executing OPT pass (performing simple optimizations).

11.23.1. Executing OPT_EXPR pass (perform const folding).
Optimizing module $paramod$c6073fd8a5b287029e036048d234daa072bb204f\nanoV_core.
<suppressed ~20 debug messages>
Optimizing module $paramod$c6073fd8a5b287029e036048d234daa072bb204f\nanoV_registers.
Optimizing module $paramod$ce6830bd8bd018e3cc0f9c5605fbb87f31d5ce1b\uart_rx.
Optimizing module $paramod$ce6830bd8bd018e3cc0f9c5605fbb87f31d5ce1b\uart_tx.
<suppressed ~8 debug messages>
Optimizing module $paramod\nanoV_cpu\NUM_REGS=s32'00000000000000000000000000010000.
<suppressed ~18 debug messages>
Optimizing module $paramod\nanoV_mul\A_BITS=s32'00000000000000000000000000010000.
<suppressed ~16 debug messages>
Optimizing module nanoV_alu.
Optimizing module nanoV_shift.
<suppressed ~15 debug messages>
Optimizing module tt_um_WaiMingLee888_nanov.

11.23.2. Executing OPT_MERGE pass (detect identical cells).
Finding identical cells in module `$paramod$c6073fd8a5b287029e036048d234daa072bb204f\nanoV_core'.
Finding identical cells in module `$paramod$c6073fd8a5b287029e036048d234daa072bb204f\nanoV_registers'.
Finding identical cells in module `$paramod$ce6830bd8bd018e3cc0f9c5605fbb87f31d5ce1b\uart_rx'.
<suppressed ~3 debug messages>
Finding identical cells in module `$paramod$ce6830bd8bd018e3cc0f9c5605fbb87f31d5ce1b\uart_tx'.
Finding identical cells in module `$paramod\nanoV_cpu\NUM_REGS=s32'00000000000000000000000000010000'.
<suppressed ~18 debug messages>
Finding identical cells in module `$paramod\nanoV_mul\A_BITS=s32'00000000000000000000000000010000'.
Finding identical cells in module `\nanoV_alu'.
Finding identical cells in module `\nanoV_shift'.
Finding identical cells in module `\tt_um_WaiMingLee888_nanov'.
Removed a total of 7 cells.

11.23.3. Executing OPT_DFF pass (perform DFF optimizations).

11.23.4. Executing OPT_CLEAN pass (remove unused cells and wires).
Finding unused cells or wires in module $paramod$c6073fd8a5b287029e036048d234daa072bb204f\nanoV_core..
Finding unused cells or wires in module $paramod$c6073fd8a5b287029e036048d234daa072bb204f\nanoV_registers..
Finding unused cells or wires in module $paramod$ce6830bd8bd018e3cc0f9c5605fbb87f31d5ce1b\uart_rx..
Finding unused cells or wires in module $paramod$ce6830bd8bd018e3cc0f9c5605fbb87f31d5ce1b\uart_tx..
Finding unused cells or wires in module $paramod\nanoV_cpu\NUM_REGS=s32'00000000000000000000000000010000..
Finding unused cells or wires in module $paramod\nanoV_mul\A_BITS=s32'00000000000000000000000000010000..
Finding unused cells or wires in module \nanoV_alu..
Finding unused cells or wires in module \nanoV_shift..
Finding unused cells or wires in module \tt_um_WaiMingLee888_nanov..
Removed 9 unused cells and 1603 unused wires.
<suppressed ~58 debug messages>

11.23.5. Finished fast OPT passes.

11.24. Executing HIERARCHY pass (managing design hierarchy).

11.24.1. Analyzing design hierarchy..
Top module:  \tt_um_WaiMingLee888_nanov
Used module:     $paramod$ce6830bd8bd018e3cc0f9c5605fbb87f31d5ce1b\uart_rx
Used module:     $paramod$ce6830bd8bd018e3cc0f9c5605fbb87f31d5ce1b\uart_tx
Used module:     $paramod\nanoV_cpu\NUM_REGS=s32'00000000000000000000000000010000
Used module:         $paramod$c6073fd8a5b287029e036048d234daa072bb204f\nanoV_core
Used module:             \nanoV_alu
Used module:             $paramod$c6073fd8a5b287029e036048d234daa072bb204f\nanoV_registers
Used module:             $paramod\nanoV_mul\A_BITS=s32'00000000000000000000000000010000
Used module:             \nanoV_shift

11.24.2. Analyzing design hierarchy..
Top module:  \tt_um_WaiMingLee888_nanov
Used module:     $paramod$ce6830bd8bd018e3cc0f9c5605fbb87f31d5ce1b\uart_rx
Used module:     $paramod$ce6830bd8bd018e3cc0f9c5605fbb87f31d5ce1b\uart_tx
Used module:     $paramod\nanoV_cpu\NUM_REGS=s32'00000000000000000000000000010000
Used module:         $paramod$c6073fd8a5b287029e036048d234daa072bb204f\nanoV_core
Used module:             \nanoV_alu
Used module:             $paramod$c6073fd8a5b287029e036048d234daa072bb204f\nanoV_registers
Used module:             $paramod\nanoV_mul\A_BITS=s32'00000000000000000000000000010000
Used module:             \nanoV_shift
Removed 0 unused modules.

11.25. Printing statistics.

=== $paramod$c6073fd8a5b287029e036048d234daa072bb204f\nanoV_core ===

   Number of wires:                249
   Number of wire bits:            586
   Number of public wires:          52
   Number of public wire bits:     358
   Number of ports:                 15
   Number of port bits:            109
   Number of memories:               0
   Number of memory bits:            0
   Number of processes:              0
   Number of cells:                298
     $_ANDNOT_                      41
     $_AND_                          7
     $_DFFE_PP_                     37
     $_DFF_P_                        1
     $_MUX_                        114
     $_NAND_                         9
     $_NOR_                          6
     $_NOT_                         12
     $_ORNOT_                       16
     $_OR_                          41
     $_SDFF_PP1_                     1
     $_XNOR_                         7
     $_XOR_                          2
     $paramod$c6073fd8a5b287029e036048d234daa072bb204f\nanoV_registers      1
     $paramod\nanoV_mul\A_BITS=s32'00000000000000000000000000010000      1
     nanoV_alu                       1
     nanoV_shift                     1

=== $paramod$c6073fd8a5b287029e036048d234daa072bb204f\nanoV_registers ===

   Number of wires:                268
   Number of wire bits:           1559
   Number of public wires:          49
   Number of public wire bits:     937
   Number of ports:                 15
   Number of port bits:             34
   Number of memories:               0
   Number of memory bits:            0
   Number of processes:              0
   Number of cells:                655
     $_ANDNOT_                      44
     $_AND_                         28
     $_DFF_P_                      419
     $_MUX_                         28
     $_NAND_                         7
     $_NOR_                         31
     $_ORNOT_                       16
     $_OR_                          74
     $_XOR_                          8

=== $paramod$ce6830bd8bd018e3cc0f9c5605fbb87f31d5ce1b\uart_rx ===

   Number of wires:                 74
   Number of wire bits:            116
   Number of public wires:          12
   Number of public wire bits:      37
   Number of ports:                  7
   Number of port bits:             14
   Number of memories:               0
   Number of memory bits:            0
   Number of processes:              0
   Number of cells:                 96
     $_ANDNOT_                      16
     $_AND_                          6
     $_MUX_                          3
     $_NAND_                         2
     $_NOR_                          5
     $_NOT_                          4
     $_ORNOT_                        6
     $_OR_                          20
     $_SDFFE_PN0N_                   1
     $_SDFFE_PN0P_                   4
     $_SDFFE_PP0P_                   8
     $_SDFF_PN1_                     3
     $_SDFF_PP0_                     8
     $_XNOR_                         2
     $_XOR_                          8

=== $paramod$ce6830bd8bd018e3cc0f9c5605fbb87f31d5ce1b\uart_tx ===

   Number of wires:                 69
   Number of wire bits:            112
   Number of public wires:          10
   Number of public wire bits:      33
   Number of ports:                  6
   Number of port bits:             13
   Number of memories:               0
   Number of memory bits:            0
   Number of processes:              0
   Number of cells:                 89
     $_ANDNOT_                      17
     $_AND_                          6
     $_MUX_                          9
     $_NAND_                         4
     $_NOR_                          5
     $_NOT_                          2
     $_ORNOT_                        8
     $_OR_                           8
     $_SDFFE_PN0P_                  12
     $_SDFFE_PP0N_                   8
     $_SDFF_PN1_                     1
     $_XNOR_                         1
     $_XOR_                          8

=== $paramod\nanoV_cpu\NUM_REGS=s32'00000000000000000000000000010000 ===

   Number of wires:                501
   Number of wire bits:            817
   Number of public wires:          43
   Number of public wire bits:     357
   Number of ports:                 12
   Number of port bits:            105
   Number of memories:               0
   Number of memory bits:            0
   Number of processes:              0
   Number of cells:                617
     $_ANDNOT_                     117
     $_AND_                         21
     $_DFF_P_                        1
     $_MUX_                        150
     $_NAND_                        22
     $_NOR_                         27
     $_NOT_                         12
     $_ORNOT_                       23
     $_OR_                          99
     $_SDFFE_PN0N_                  27
     $_SDFFE_PN0P_                  25
     $_SDFFE_PN1N_                   6
     $_SDFFE_PN1P_                   1
     $_SDFFE_PP0P_                   5
     $_SDFFE_PP1P_                   2
     $_SDFF_PN0_                    34
     $_SDFF_PN1_                     3
     $_SDFF_PP0_                     4
     $_XNOR_                         1
     $_XOR_                         36
     $paramod$c6073fd8a5b287029e036048d234daa072bb204f\nanoV_core      1

=== $paramod\nanoV_mul\A_BITS=s32'00000000000000000000000000010000 ===

   Number of wires:                116
   Number of wire bits:            176
   Number of public wires:           5
   Number of public wire bits:      35
   Number of ports:                  4
   Number of port bits:             19
   Number of memories:               0
   Number of memory bits:            0
   Number of processes:              0
   Number of cells:                142
     $_ANDNOT_                      21
     $_AND_                          8
     $_DFF_P_                       15
     $_MUX_                         16
     $_NAND_                         8
     $_NOR_                         15
     $_ORNOT_                        2
     $_OR_                          25
     $_SDFF_PN0_                     1
     $_XNOR_                        18
     $_XOR_                         13

=== nanoV_alu ===

   Number of wires:                 39
   Number of wire bits:             46
   Number of public wires:          13
   Number of public wire bits:      20
   Number of ports:                  7
   Number of port bits:             10
   Number of memories:               0
   Number of memory bits:            0
   Number of processes:              0
   Number of cells:                 29
     $_ANDNOT_                       6
     $_AND_                          1
     $_MUX_                          1
     $_NAND_                         2
     $_NOR_                          1
     $_NOT_                          1
     $_ORNOT_                        2
     $_OR_                           9
     $_XNOR_                         2
     $_XOR_                          4

=== nanoV_shift ===

   Number of wires:                 63
   Number of wire bits:            105
   Number of public wires:           7
   Number of public wire bits:      49
   Number of ports:                  7
   Number of port bits:             49
   Number of memories:               0
   Number of memory bits:            0
   Number of processes:              0
   Number of cells:                 59
     $_ANDNOT_                      12
     $_AND_                          1
     $_MUX_                         33
     $_NAND_                         5
     $_NOT_                          2
     $_XNOR_                         2
     $_XOR_                          4

=== tt_um_WaiMingLee888_nanov ===

   Number of wires:                113
   Number of wire bits:            242
   Number of public wires:          31
   Number of public wire bits:     160
   Number of ports:                  8
   Number of port bits:             43
   Number of memories:               0
   Number of memory bits:            0
   Number of processes:              0
   Number of cells:                110
     $_ANDNOT_                      10
     $_AND_                         14
     $_DFFE_PP_                      8
     $_DFF_N_                        1
     $_DFF_P_                        5
     $_MUX_                         18
     $_NOR_                          2
     $_ORNOT_                        5
     $_OR_                          43
     $_SDFF_PN1_                     1
     $paramod$ce6830bd8bd018e3cc0f9c5605fbb87f31d5ce1b\uart_rx      1
     $paramod$ce6830bd8bd018e3cc0f9c5605fbb87f31d5ce1b\uart_tx      1
     $paramod\nanoV_cpu\NUM_REGS=s32'00000000000000000000000000010000      1

=== design hierarchy ===

   tt_um_WaiMingLee888_nanov         1
     $paramod$ce6830bd8bd018e3cc0f9c5605fbb87f31d5ce1b\uart_rx      1
     $paramod$ce6830bd8bd018e3cc0f9c5605fbb87f31d5ce1b\uart_tx      1
     $paramod\nanoV_cpu\NUM_REGS=s32'00000000000000000000000000010000      1
       $paramod$c6073fd8a5b287029e036048d234daa072bb204f\nanoV_core      1
         $paramod$c6073fd8a5b287029e036048d234daa072bb204f\nanoV_registers      1
         $paramod\nanoV_mul\A_BITS=s32'00000000000000000000000000010000      1
         nanoV_alu                   1
         nanoV_shift                 1

   Number of wires:               1492
   Number of wire bits:           3759
   Number of public wires:         222
   Number of public wire bits:    1986
   Number of ports:                 81
   Number of port bits:            396
   Number of memories:               0
   Number of memory bits:            0
   Number of processes:              0
   Number of cells:               2087
     $_ANDNOT_                     284
     $_AND_                         92
     $_DFFE_PP_                     45
     $_DFF_N_                        1
     $_DFF_P_                      441
     $_MUX_                        372
     $_NAND_                        59
     $_NOR_                         92
     $_NOT_                         33
     $_ORNOT_                       78
     $_OR_                         319
     $_SDFFE_PN0N_                  28
     $_SDFFE_PN0P_                  41
     $_SDFFE_PN1N_                   6
     $_SDFFE_PN1P_                   1
     $_SDFFE_PP0N_                   8
     $_SDFFE_PP0P_                  13
     $_SDFFE_PP1P_                   2
     $_SDFF_PN0_                    35
     $_SDFF_PN1_                     8
     $_SDFF_PP0_                    12
     $_SDFF_PP1_                     1
     $_XNOR_                        33
     $_XOR_                         83

11.26. Executing CHECK pass (checking for obvious problems).
Checking module $paramod$c6073fd8a5b287029e036048d234daa072bb204f\nanoV_core...
Checking module $paramod$c6073fd8a5b287029e036048d234daa072bb204f\nanoV_registers...
Checking module $paramod$ce6830bd8bd018e3cc0f9c5605fbb87f31d5ce1b\uart_rx...
Checking module $paramod$ce6830bd8bd018e3cc0f9c5605fbb87f31d5ce1b\uart_tx...
Checking module $paramod\nanoV_cpu\NUM_REGS=s32'00000000000000000000000000010000...
Checking module $paramod\nanoV_mul\A_BITS=s32'00000000000000000000000000010000...
Checking module nanoV_alu...
Checking module nanoV_shift...
Checking module tt_um_WaiMingLee888_nanov...
Found and reported 0 problems.

12. Printing statistics.

=== $paramod$c6073fd8a5b287029e036048d234daa072bb204f\nanoV_core ===

   Number of wires:                249
   Number of wire bits:            586
   Number of public wires:          52
   Number of public wire bits:     358
   Number of ports:                 15
   Number of port bits:            109
   Number of memories:               0
   Number of memory bits:            0
   Number of processes:              0
   Number of cells:                298
     $_ANDNOT_                      41
     $_AND_                          7
     $_DFFE_PP_                     37
     $_DFF_P_                        1
     $_MUX_                        114
     $_NAND_                         9
     $_NOR_                          6
     $_NOT_                         12
     $_ORNOT_                       16
     $_OR_                          41
     $_SDFF_PP1_                     1
     $_XNOR_                         7
     $_XOR_                          2
     $paramod$c6073fd8a5b287029e036048d234daa072bb204f\nanoV_registers      1
     $paramod\nanoV_mul\A_BITS=s32'00000000000000000000000000010000      1
     nanoV_alu                       1
     nanoV_shift                     1

=== $paramod$c6073fd8a5b287029e036048d234daa072bb204f\nanoV_registers ===

   Number of wires:                268
   Number of wire bits:           1559
   Number of public wires:          49
   Number of public wire bits:     937
   Number of ports:                 15
   Number of port bits:             34
   Number of memories:               0
   Number of memory bits:            0
   Number of processes:              0
   Number of cells:                655
     $_ANDNOT_                      44
     $_AND_                         28
     $_DFF_P_                      419
     $_MUX_                         28
     $_NAND_                         7
     $_NOR_                         31
     $_ORNOT_                       16
     $_OR_                          74
     $_XOR_                          8

=== $paramod$ce6830bd8bd018e3cc0f9c5605fbb87f31d5ce1b\uart_rx ===

   Number of wires:                 74
   Number of wire bits:            116
   Number of public wires:          12
   Number of public wire bits:      37
   Number of ports:                  7
   Number of port bits:             14
   Number of memories:               0
   Number of memory bits:            0
   Number of processes:              0
   Number of cells:                 96
     $_ANDNOT_                      16
     $_AND_                          6
     $_MUX_                          3
     $_NAND_                         2
     $_NOR_                          5
     $_NOT_                          4
     $_ORNOT_                        6
     $_OR_                          20
     $_SDFFE_PN0N_                   1
     $_SDFFE_PN0P_                   4
     $_SDFFE_PP0P_                   8
     $_SDFF_PN1_                     3
     $_SDFF_PP0_                     8
     $_XNOR_                         2
     $_XOR_                          8

=== $paramod$ce6830bd8bd018e3cc0f9c5605fbb87f31d5ce1b\uart_tx ===

   Number of wires:                 69
   Number of wire bits:            112
   Number of public wires:          10
   Number of public wire bits:      33
   Number of ports:                  6
   Number of port bits:             13
   Number of memories:               0
   Number of memory bits:            0
   Number of processes:              0
   Number of cells:                 89
     $_ANDNOT_                      17
     $_AND_                          6
     $_MUX_                          9
     $_NAND_                         4
     $_NOR_                          5
     $_NOT_                          2
     $_ORNOT_                        8
     $_OR_                           8
     $_SDFFE_PN0P_                  12
     $_SDFFE_PP0N_                   8
     $_SDFF_PN1_                     1
     $_XNOR_                         1
     $_XOR_                          8

=== $paramod\nanoV_cpu\NUM_REGS=s32'00000000000000000000000000010000 ===

   Number of wires:                501
   Number of wire bits:            817
   Number of public wires:          43
   Number of public wire bits:     357
   Number of ports:                 12
   Number of port bits:            105
   Number of memories:               0
   Number of memory bits:            0
   Number of processes:              0
   Number of cells:                617
     $_ANDNOT_                     117
     $_AND_                         21
     $_DFF_P_                        1
     $_MUX_                        150
     $_NAND_                        22
     $_NOR_                         27
     $_NOT_                         12
     $_ORNOT_                       23
     $_OR_                          99
     $_SDFFE_PN0N_                  27
     $_SDFFE_PN0P_                  25
     $_SDFFE_PN1N_                   6
     $_SDFFE_PN1P_                   1
     $_SDFFE_PP0P_                   5
     $_SDFFE_PP1P_                   2
     $_SDFF_PN0_                    34
     $_SDFF_PN1_                     3
     $_SDFF_PP0_                     4
     $_XNOR_                         1
     $_XOR_                         36
     $paramod$c6073fd8a5b287029e036048d234daa072bb204f\nanoV_core      1

=== $paramod\nanoV_mul\A_BITS=s32'00000000000000000000000000010000 ===

   Number of wires:                116
   Number of wire bits:            176
   Number of public wires:           5
   Number of public wire bits:      35
   Number of ports:                  4
   Number of port bits:             19
   Number of memories:               0
   Number of memory bits:            0
   Number of processes:              0
   Number of cells:                142
     $_ANDNOT_                      21
     $_AND_                          8
     $_DFF_P_                       15
     $_MUX_                         16
     $_NAND_                         8
     $_NOR_                         15
     $_ORNOT_                        2
     $_OR_                          25
     $_SDFF_PN0_                     1
     $_XNOR_                        18
     $_XOR_                         13

=== nanoV_alu ===

   Number of wires:                 39
   Number of wire bits:             46
   Number of public wires:          13
   Number of public wire bits:      20
   Number of ports:                  7
   Number of port bits:             10
   Number of memories:               0
   Number of memory bits:            0
   Number of processes:              0
   Number of cells:                 29
     $_ANDNOT_                       6
     $_AND_                          1
     $_MUX_                          1
     $_NAND_                         2
     $_NOR_                          1
     $_NOT_                          1
     $_ORNOT_                        2
     $_OR_                           9
     $_XNOR_                         2
     $_XOR_                          4

=== nanoV_shift ===

   Number of wires:                 63
   Number of wire bits:            105
   Number of public wires:           7
   Number of public wire bits:      49
   Number of ports:                  7
   Number of port bits:             49
   Number of memories:               0
   Number of memory bits:            0
   Number of processes:              0
   Number of cells:                 59
     $_ANDNOT_                      12
     $_AND_                          1
     $_MUX_                         33
     $_NAND_                         5
     $_NOT_                          2
     $_XNOR_                         2
     $_XOR_                          4

=== tt_um_WaiMingLee888_nanov ===

   Number of wires:                113
   Number of wire bits:            242
   Number of public wires:          31
   Number of public wire bits:     160
   Number of ports:                  8
   Number of port bits:             43
   Number of memories:               0
   Number of memory bits:            0
   Number of processes:              0
   Number of cells:                110
     $_ANDNOT_                      10
     $_AND_                         14
     $_DFFE_PP_                      8
     $_DFF_N_                        1
     $_DFF_P_                        5
     $_MUX_                         18
     $_NOR_                          2
     $_ORNOT_                        5
     $_OR_                          43
     $_SDFF_PN1_                     1
     $paramod$ce6830bd8bd018e3cc0f9c5605fbb87f31d5ce1b\uart_rx      1
     $paramod$ce6830bd8bd018e3cc0f9c5605fbb87f31d5ce1b\uart_tx      1
     $paramod\nanoV_cpu\NUM_REGS=s32'00000000000000000000000000010000      1

=== design hierarchy ===

   tt_um_WaiMingLee888_nanov         1
     $paramod$ce6830bd8bd018e3cc0f9c5605fbb87f31d5ce1b\uart_rx      1
     $paramod$ce6830bd8bd018e3cc0f9c5605fbb87f31d5ce1b\uart_tx      1
     $paramod\nanoV_cpu\NUM_REGS=s32'00000000000000000000000000010000      1
       $paramod$c6073fd8a5b287029e036048d234daa072bb204f\nanoV_core      1
         $paramod$c6073fd8a5b287029e036048d234daa072bb204f\nanoV_registers      1
         $paramod\nanoV_mul\A_BITS=s32'00000000000000000000000000010000      1
         nanoV_alu                   1
         nanoV_shift                 1

   Number of wires:               1492
   Number of wire bits:           3759
   Number of public wires:         222
   Number of public wire bits:    1986
   Number of ports:                 81
   Number of port bits:            396
   Number of memories:               0
   Number of memory bits:            0
   Number of processes:              0
   Number of cells:               2087
     $_ANDNOT_                     284
     $_AND_                         92
     $_DFFE_PP_                     45
     $_DFF_N_                        1
     $_DFF_P_                      441
     $_MUX_                        372
     $_NAND_                        59
     $_NOR_                         92
     $_NOT_                         33
     $_ORNOT_                       78
     $_OR_                         319
     $_SDFFE_PN0N_                  28
     $_SDFFE_PN0P_                  41
     $_SDFFE_PN1N_                   6
     $_SDFFE_PN1P_                   1
     $_SDFFE_PP0N_                   8
     $_SDFFE_PP0P_                  13
     $_SDFFE_PP1P_                   2
     $_SDFF_PN0_                    35
     $_SDFF_PN1_                     8
     $_SDFF_PP0_                    12
     $_SDFF_PP1_                     1
     $_XNOR_                        33
     $_XOR_                         83

Warnings: 1 unique messages, 2 total
End of script. Logfile hash: 8c8d593918, CPU: user 0.85s system 0.06s, MEM: 38.71 MB peak
Yosys 0.45+106 (git sha1 dcf9f5831, g++ 9.5.0-1ubuntu1~22.04 -fPIC -O3)
Time spent: 31% 1x abc (0 sec), 16% 42x opt_expr (0 sec), ...
